plot,species,abbr,n_inds,n_leaf,height,leaf_area,SLA,LDMC,w_weight,d_weight,total.leaf.area,n,sd_la_filt,n_filt,height_sd,flowers
A16,Vaccinium vitis-idaea,VACVIT,4,12,6.05,48.733333333333334,6.267952840300107,0.47121212121212114,0.198,0.0933,584.8,12,10.9321322326212,12,1.6134848413707927,0.25
A16,Vaccinium myrtillus,VACMYR,4,8,5.625,25.575,14.510638297872338,0.45047923322683703,0.0313,0.0141,204.6,8,9.58208894612383,8,0.7135591542869217,0.25
A15,Solidago virgaurea,SOLVIR,4,4,10.575,630.375,33.30911492734478,0.21929316338354576,0.3452,0.0757,2521.5,4,200.755130694087,4,2.740285873164817,0
A15,Vaccinium vitis-idaea,VACVIT,4,8,9.425,79.53750000000001,6.3566433566433576,0.45049504950495045,0.2222,0.1001,636.3000000000001,8,34.5670750653194,8,1.2473304828045106,0
A15,Vaccinium uliginosum,VACULI,4,8,11.15,77.525,17.085399449035812,0.3924324324324324,0.0925,0.0363,620.2,8,23.0300269834219,8,2.3302360395462087,0
A15,Vaccinium myrtillus,VACMYR,4,8,16.225,78.25,18.466076696165192,0.4045346062052506,0.0838,0.0339,626,8,17.1700736332559,8,2.1391197566600457,1
A22,Solidago virgaurea,SOLVIR,2,2,15.5,651,29.523809523809526,0.22477064220183485,0.1962,0.0441,1302,2,10.040916292849001,2,7.0710678118654755,0.5
A22,Vaccinium myrtillus,VACMYR,4,8,16.625,97.125,20.775401069518715,0.38756476683937824,0.0965,0.0374,777,8,40.3888156371467,8,4.472415454762673,1
A22,Vaccinium vitis-idaea,VACVIT,4,8,8.025,109.0875,5.637596899224807,0.49127261186924787,0.3151,0.1548,872.7,8,35.9396095654124,8,1.9568256607747831,0.5
A2,Solidago virgaurea,SOLVIR,4,4,11.100000000000001,843.6500000000001,30.539366515837106,0.20508537490720122,0.5388,0.1105,3374.6000000000004,4,384.857848215849,4,6.891057006487951,0
A2,Vaccinium myrtillus,VACMYR,4,8,18.2,76.71249999999999,18.15680473372781,0.4052757793764988,0.0834,0.0338,613.6999999999999,8,11.578112046937001,8,4.4173898778954674,0.75
A2,Vaccinium vitis-idaea,VACVIT,4,8,5.3,46.387499999999996,6.988700564971751,0.45114698385726426,0.1177,0.0531,371.09999999999997,8,9.82263239375562,8,0.5163977794943223,0
A18,Solidago virgaurea,SOLVIR,3,3,8.533333333333333,664.6999999999999,27.130612244897957,0.16750227894257064,0.4388,0.0735,1994.1,3,39.3188250078763,3,1.266227994214839,0
A18,Vaccinium myrtillus,VACMYR,4,8,12.275,70.4875,17.404320987654323,0.410126582278481,0.079,0.0324,563.9,8,30.6567837983234,8,2.574716812907134,0.25
A18,Vaccinium vitis-idaea,VACVIT,4,8,5.775,62.81250000000001,6.320754716981133,0.45042492917847027,0.1765,0.0795,502.50000000000006,8,9.006574979266139,8,1.3889444433333777,0
A7,Vaccinium vitis-idaea,VACVIT,4,8,6.35,84,5.858761987794246,0.48132605958875363,0.2383,0.1147,672,8,21.2240429701789,8,1.6299284237863532,0
A7,Vaccinium myrtillus,VACMYR,4,8,8.075,76.4,15.473417721518988,0.4084798345398139,0.0967,0.0395,611.2,8,17.647662734764598,8,2.526361019331956,0
A9,Solidago virgaurea,SOLVIR,4,4,12.175,1156.625,52.217832957110616,0.1208731241473397,0.733,0.0886,4626.5,4,362.79992075522796,4,2.631064423384574,0
A9,Vaccinium myrtillus,VACMYR,4,8,12.775,80.05,19.002967359050444,0.4050480769230769,0.0832,0.0337,640.4,8,23.5807427485105,8,2.1234798484249073,0.75
A9,Vaccinium vitis-idaea,VACVIT,4,8,10.7,104.7625,9.644418872266973,0.3870824053452116,0.2245,0.0869,838.1,8,21.5859039653196,8,2.312286026136617,0
A19,Solidago virgaurea,SOLVIR,4,4,12.6,612.45,15.918128654970761,0.39100609756097565,0.3936,0.1539,2449.8,4,173.667834289101,4,5.43323108288245,0.25
A19,Vaccinium myrtillus,VACMYR,4,8,15.175,68.575,17.86970684039088,0.41711956521739135,0.0736,0.0307,548.6,8,10.4654192462605,8,2.6487418396916933,0.5
A19,Vaccinium vitis-idaea,VACVIT,4,8,7.574999999999999,81.10000000000001,6.939037433155081,0.4292929292929293,0.2178,0.0935,648.8000000000001,8,12.5652582259862,8,0.8616843969807041,0
A8,Solidago virgaurea,SOLVIR,4,4,9.075,617.65,30.42610837438424,0.22161572052401746,0.3664,0.0812,2470.6,4,51.417798474847196,4,2.89410320018712,0
A8,Vaccinium vitis-idaea,VACVIT,4,8,6.45,93.975,6.623788546255506,0.47017398508699254,0.2414,0.1135,751.8,8,44.8528944757988,8,2.0680103158994796,0
A8,Vaccinium uliginosum,VACULI,4,8,10.424999999999999,122.88749999999999,14.963470319634704,0.38331388564760793,0.1714,0.0657,983.0999999999999,8,21.221918420081,8,3.3139855159611065,0
A6,Vaccinium vitis-idaea,VACVIT,4,8,6,59.18750000000001,8.03904923599321,0.39851150202977,0.1478,0.0589,473.50000000000006,8,16.6343394819271,8,1.4329456840136452,0
A6,Vaccinium myrtillus,VACMYR,4,8,13.5,70,16.61721068249258,0.44635761589403977,0.0755,0.0337,560,8,13.601785597066701,8,2.894822965226026,1
A10,Solidago virgaurea,SOLVIR,1,1,12,703.4,31.972727272727276,0.20220588235294118,0.1088,0.022,703.4,1,NA,1,NA,0
A10,Vaccinium myrtillus,VACMYR,4,8,10.3,83.83749999999999,17.06615776081425,0.43044906900328583,0.0913,0.0393,670.6999999999999,8,27.3847161491849,8,0.9273618495495701,0.5
A10,Vaccinium vitis-idaea,VACVIT,4,8,6.575,69.525,8.338830584707647,0.41687499999999994,0.16,0.0667,556.2,8,17.703167593884,8,2.0758532382292025,0
A17,Vaccinium myrtillus,VACMYR,4,8,15.425,68.575,16.040935672514617,0.42118226600985226,0.0812,0.0342,548.6,8,41.817451927565905,8,1.4908051515875576,0.75
A17,Vaccinium vitis-idaea,VACVIT,4,8,8.55,84.6875,5.003692762186116,0.5065469509913955,0.2673,0.1354,677.5,8,18.5049366000381,8,2.0207259421636903,0.25
A1,Solidago virgaurea,SOLVIR,4,4,10.45,804.125,29.536271808999082,0.1983245310508104,0.5491,0.1089,3216.5,4,222.354947100351,4,1.905255888325765,0
A1,Vaccinium vitis-idaea,VACVIT,3,6,5.725,67.15,6.179447852760736,0.45947850599013385,0.1419,0.0652,402.9,6,29.1905978013469,6,0.6800735254367724,0
A1,Vaccinium myrtillus,VACMYR,4,8,12.325,71.175,19.839721254355403,0.3878378378378379,0.074,0.0287,569.4,8,20.826682747997,8,2.802825954877208,1
A14,Solidago virgaurea,SOLVIR,4,4,7.775,486.44999999999993,29.216216216216214,0.22185209860093272,0.3002,0.0666,1945.7999999999997,4,75.17665861156641,4,2.1234798484249073,0
A14,Vaccinium uliginosum,VACULI,4,8,15.025,94.5625,15.565843621399178,0.3863275039745628,0.1258,0.0486,756.5,8,28.707785778177197,8,3.6206583195141,0.25
A14,Vaccinium myrtillus,VACMYR,4,8,10.05,104.1,17.459119496855344,0.4025316455696203,0.1185,0.0477,832.8,8,30.604154713278497,8,1.7540429489230496,0.5
A14,Vaccinium vitis-idaea,VACVIT,4,8,6.6,75.7125,5.42741935483871,0.47148288973384034,0.2367,0.1116,605.7,8,22.6112132422326,8,1.564182427553342,0.5
A4,Vaccinium myrtillus,VACMYR,4,8,11,97.5625,17.004357298474943,0.42539388322520855,0.1079,0.0459,780.5,8,17.3223173556955,8,1.5121728296285006,0.5
A4,Vaccinium vitis-idaea,VACVIT,4,8,4.8,70.33749999999999,10.517757009345795,0.3902261123267688,0.1371,0.0535,562.6999999999999,8,26.2994262566424,8,0.923760430703401,0
A11,Vaccinium myrtillus,VACMYR,4,8,12.275,57.475,18.031372549019608,0.41666666666666663,0.0612,0.0255,459.8,8,21.4994850436669,8,0.680073525436772,0.5
A11,Vaccinium vitis-idaea,VACVIT,4,8,6.5,76.2,5.442857142857143,0.47098402018502944,0.2378,0.112,609.6,8,30.439635815354798,8,1.5033296378372907,0
A5,Vaccinium uliginosum,VACULI,4,8,8.125,148.38750000000002,13.660529344073648,0.37089201877934275,0.2343,0.0869,1187.1000000000001,8,28.5647353767343,8,2.1250490190424633,0
A5,Vaccinium myrtillus,VACMYR,4,8,11,50.5125,16.767634854771785,0.4454713493530499,0.0541,0.0241,404.1,8,9.62518088883825,8,2.3050668826160625,0.25
A5,Vaccinium vitis-idaea,VACVIT,4,8,6.85,67.66250000000001,5.644421272158499,0.4756944444444444,0.2016,0.0959,541.3000000000001,8,13.316578013889298,8,1.774823934929885,0
A25,Solidago virgaurea,SOLVIR,4,4,8.55,732.3000000000001,28.68952007835456,0.2059713536413153,0.4957,0.1021,2929.2000000000003,4,252.003928540807,4,2.5877918514955307,0.25
A25,Vaccinium myrtillus,VACMYR,4,8,10.95,83.1625,18.847025495750707,0.41334894613583134,0.0854,0.0353,665.3,8,20.0160605157815,8,2.725802634087802,0.25
A25,Vaccinium vitis-idaea,VACVIT,4,8,5.025,82.5375,5.716883116883116,0.4842767295597485,0.2385,0.1155,660.3,8,25.360539510935396,8,1.4660036380127666,0
A3,Vaccinium uliginosum,VACULI,4,8,11.65,68.5875,17.36392405063291,0.34497816593886466,0.0916,0.0316,548.7,8,20.500204702810702,8,2.5800516790689807,0.25
A3,Vaccinium vitis-idaea,VACVIT,4,8,8.275,91.9,6.665457842248413,0.4514940646745804,0.2443,0.1103,735.2,8,28.3472346849867,8,2.0966242709015206,0.25
A3,Vaccinium myrtillus,VACMYR,1,2,10.2,142.9,14.36180904522613,0.4441964285714286,0.0448,0.0199,285.8,2,26.8700576850888,2,NA,0
A20,Solidago virgaurea,SOLVIR,4,4,6.225,415.025,30.01989150090416,0.21376111325860073,0.2587,0.0553,1660.1,4,133.018579529327,4,1.3671747023210552,0
A20,Vaccinium uliginosum,VACULI,4,8,8.45,147.48749999999998,15.923076923076923,0.35988343856240895,0.2059,0.0741,1179.8999999999999,8,18.249730917781502,8,2.0074859899884734,0.25
A20,Vaccinium myrtillus,VACMYR,4,8,8.625,76.08749999999999,17.643478260869564,0.4280397022332506,0.0806,0.0345,608.6999999999999,8,21.2097307519786,8,1.5692354826475219,0
A20,Vaccinium vitis-idaea,VACVIT,4,8,6.225,75.53750000000001,8.111409395973155,0.39128151260504196,0.1904,0.0745,604.3000000000001,8,21.9528675315354,8,1.0563301251660548,0
A13,Solidago virgaurea,SOLVIR,4,4,8.2,674.475,31.44405594405594,0.2027889387851572,0.4231,0.0858,2697.9,4,152.46182855609,4,2.5033311140691454,0
A13,Vaccinium myrtillus,VACMYR,4,8,10.05,82.575,17.663101604278076,0.4197530864197531,0.0891,0.0374,660.6,8,19.5337619813199,8,2.3302360395462083,0.5
A13,Vaccinium uliginosum,VACULI,4,8,12.5,121.875,15.402843601895736,0.3686662783925451,0.1717,0.0633,975,8,20.4467776015125,8,4.730750469005948,0.5
A13,Vaccinium vitis-idaea,VACVIT,4,8,5.675,74.5125,6.9719298245614025,0.4318181818181818,0.198,0.0855,596.1,8,27.8807889568632,8,1.924188140489386,0
A21,Vaccinium vitis-idaea,VACVIT,4,8,6.875,55.537499999999994,5.444852941176469,0.4900900900900901,0.1665,0.0816,444.29999999999995,8,31.3168114368533,8,1.1086778913041726,0.5
A21,Vaccinium myrtillus,VACMYR,4,8,10.1,51.5125,15.972868217054264,0.4526315789473684,0.057,0.0258,412.1,8,22.9926346902655,8,3.4650637319776187,0.25
A12,Solidago virgaurea,SOLVIR,4,4,10.2,803.9999999999999,25.1446442533229,0.24077560240963858,0.5312,0.1279,3215.9999999999995,4,192.365710735221,4,3.229034943549956,0
A12,Vaccinium myrtillus,VACMYR,4,8,11.775,81.35,17.87912087912088,0.4035476718403548,0.0902,0.0364,650.8,8,14.6936332179232,8,1.9989580619245955,0.25
A12,Vaccinium vitis-idaea,VACVIT,4,8,7.375,69.3875,7.896159317211949,0.3875413450937155,0.1814,0.0703,555.1,8,12.2684773184893,8,2.8476598579652497,0.25
A24,Vaccinium myrtillus,VACMYR,4,8,9.65,74.8125,15.708661417322835,0.4354285714285715,0.0875,0.0381,598.5,8,9.08427801990104,8,1.470827431527347,0.25
A24,Vaccinium vitis-idaea,VACVIT,4,8,5.4,52.862500000000004,9.834883720930232,0.35684647302904565,0.1205,0.043,422.90000000000003,8,26.942369049510102,8,0.6531972647421811,0
A23,Vaccinium myrtillus,VACMYR,4,8,13.125,66.7625,19.00711743772242,0.4054834054834055,0.0693,0.0281,534.1,8,7.30341162940796,8,1.8062391868188439,0.75
A23,Vaccinium vitis-idaea,VACVIT,4,8,6.275,42.3375,10.584375,0.3712296983758701,0.0862,0.032,338.7,8,11.472194646186901,8,2.0694202086574878,0
B1,Solidago virgaurea,SOLVIR,3,3,8.833333333333332,895.9999999999999,32.23021582733813,0.19758351101634686,0.4221,0.0834,2688,3,499.28520907393204,3,2.6025628394590847,0
B1,Vaccinium vitis-idaea,VACVIT,4,8,7.375,114.43749999999999,7.758474576271186,0.4330275229357798,0.2725,0.118,915.4999999999999,8,9.60861778375463,8,1.8191115047370423,0
B1,Vaccinium myrtillus,VACMYR,4,8,10.6,73.425,17.378698224852073,0.41320293398533003,0.0818,0.0338,587.4,8,9.04429575557355,8,3.1759513010540115,0.25
B12,Solidago virgaurea,SOLVIR,2,2,18.25,1408.75,25.4516711833785,0.231203007518797,0.4788,0.1107,2817.5,2,273.296770928601,2,1.0606601717798212,0
B12,Vaccinium myrtillus,VACMYR,4,8,12.85,70.5375,17.57943925233645,0.4152652005174644,0.0773,0.0321,564.3,8,10.437971546234499,8,1.5588457268119902,0.5
B12,Vaccinium vitis-idaea,VACVIT,4,8,10.5,74.0625,7.087320574162679,0.42915811088295686,0.1948,0.0836,592.5,8,13.9932573048594,8,2.0816659994661326,0
B11,Solidago virgaurea,SOLVIR,4,4,11.75,635.9,24.7431906614786,0.22406277244986925,0.4588,0.1028,2543.6,4,357.673864481784,4,9.134732252963593,0.25
B11,Vaccinium uliginosum,VACULI,4,8,14.275,167.6375,12.180744777475022,0.38604488078541377,0.2852,0.1101,1341.1,8,61.02161063332991,8,0.9215023964519389,0
B11,Vaccinium myrtillus,VACMYR,4,8,13.05,78.85,14.017777777777777,0.44031311154598823,0.1022,0.045,630.8,8,18.1281942998035,8,2.515949125081825,0.5
B11,Vaccinium vitis-idaea,VACVIT,4,8,8.875,63.1625,5.5224043715847,0.483615221987315,0.1892,0.0915,505.3,8,26.1917619273149,8,1.9311050377094112,0.25
B9,Solidago virgaurea,SOLVIR,4,8,6.6,198.3125,36.05681818181819,0.20351526364477335,0.2162,0.044,1586.5,4,127.23077130422,4,2.11502561056204,0
B9,Vaccinium myrtillus,VACMYR,4,8,13.05,112.75,18.713692946058092,0.3865276663993584,0.1247,0.0482,902,8,34.672879479913,8,1.5088627063675037,0
B9,Vaccinium vitis-idaea,VACVIT,4,8,8.25,60,9.56175298804781,0.3765941485371343,0.1333,0.0502,480,8,20.888479394838,8,2.7886675432303982,0
B10,Solidago virgaurea,SOLVIR,4,4,7.275,603.4,31.26424870466321,0.21432537479178235,0.3602,0.0772,2413.6,4,91.25871647866481,4,1.3022416570411703,0
B10,Vaccinium myrtillus,VACMYR,4,8,11.925,128.4375,17.268907563025213,0.3801916932907348,0.1565,0.0595,1027.5,8,50.828842697822694,8,2.892951203644242,0
B10,Vaccinium vitis-idaea,VACVIT,4,8,9.55,92.80000000000001,8.48457142857143,0.3932584269662921,0.2225,0.0875,742.4000000000001,8,21.7031926551964,8,1.769180601295413,0
B8,Solidago virgaurea,SOLVIR,4,4,4.2,425.7,33.064077669902915,0.21351575456053068,0.2412,0.0515,1702.8,4,130.553769254919,4,0.4966554808583779,0
B8,Vaccinium myrtillus,VACMYR,4,8,12.875,85.925,17.271356783919597,0.38829268292682934,0.1025,0.0398,687.4,8,23.949217106202,8,3.4208916966194645,0.5
B8,Vaccinium vitis-idaea,VACVIT,4,8,6.675,60.12499999999999,6.871428571428571,0.44331855604813175,0.1579,0.07,480.99999999999994,8,13.5514627571027,8,1.158663022625647,0.25
B5,Vaccinium myrtillus,VACMYR,4,8,6.875,46.0125,16.88532110091743,0.42913385826771655,0.0508,0.0218,368.1,8,19.324332366955698,8,1.9517086531208154,0
B5,Vaccinium vitis-idaea,VACVIT,4,8,3.9250000000000003,44.7625,5.0436619718309865,0.5100574712643678,0.1392,0.071,358.1,8,9.3328815792031,8,1.14418821295566,0
B3,Solidago virgaurea,SOLVIR,4,4,13.475,295.675,25.163829787234043,0.23582538886101354,0.1993,0.047,1182.7,4,82.6122821780555,4,7.2665328733860415,0.5
B3,Vaccinium vitis-idaea,VACVIT,4,8,7.35,65.4625,11.689732142857142,0.33965125094768767,0.1319,0.0448,523.7,8,15.2792985534583,8,0.8582928793055822,0
B3,Vaccinium myrtillus,VACMYR,4,8,10.275,44.3875,16.288990825688074,0.436,0.05,0.0218,355.1,8,8.610365431103538,8,0.8655441448399193,0.75
B22,Solidago virgaurea,SOLVIR,4,8,9.75,361.6625,30.812566560170392,0.20408606824603345,0.4601,0.0939,2893.3,4,256.105920470418,4,1.8734993995195195,0
B22,Vaccinium vitis-idaea,VACVIT,4,8,6.3,45.7125,5.985270049099836,0.4689178818112049,0.1303,0.0611,365.7,8,15.3086751782865,8,1.630950643030009,0
B22,Vaccinium uliginosum,VACULI,1,2,10.5,122.75,16.58783783783784,0.31827956989247314,0.0465,0.0148,245.5,2,13.505739520663099,2,NA,0
B22,Vaccinium myrtillus,VACMYR,3,6,11.233333333333333,66.31666666666666,18.85781990521327,0.4129158512720157,0.0511,0.0211,397.90000000000003,6,23.1420324662003,6,2.400694344004112,0.6666666666666666
B4,Vaccinium vitis-idaea,VACVIT,4,8,5.025,54.074999999999996,6.171184022824536,0.4827823691460055,0.1452,0.0701,432.59999999999997,8,19.2482095642315,8,1.5649813630413199,0
B4,Vaccinium myrtillus,VACMYR,4,8,10.125,70.9375,17.301829268292682,0.4173027989821883,0.0786,0.0328,567.5,8,18.3186819160893,8,3.0434355587066406,0.5
B2,Solidago virgaurea,SOLVIR,2,2,7,489.1,32.498338870431894,0.21875,0.1376,0.0301,978.2,2,238.153563903629,2,1.4142135623730951,0
B2,Vaccinium uliginosum,VACULI,4,8,10.7,111.31249999999999,15.248287671232877,0.3459715639810426,0.1688,0.0584,890.4999999999999,8,32.5779258087436,8,0.9273618495495701,0.25
B2,Vaccinium myrtillus,VACMYR,4,8,15.8,106.575,17.836820083682007,0.3937397034596376,0.1214,0.0478,852.6,8,24.6367176617109,8,1.3976170195491087,1
B2,Vaccinium vitis-idaea,VACVIT,4,8,7.875,73.9875,14.50735294117647,0.32227488151658773,0.1266,0.0408,591.9,8,19.725070161019502,8,1.1354147553500733,0
B20,Solidago virgaurea,SOLVIR,4,4,12.925,937.3,32.6870095902354,0.2074891461649783,0.5528,0.1147,3749.2,4,366.382978134447,4,3.981101187695016,0.25
B20,Bistorta vivipara,BISVIV,4,4,10.2,627.2249999999999,23.316914498141262,0.19656558275484107,0.5474,0.1076,2508.8999999999996,4,65.5331150386327,4,4.342810150121693,0.25
B13,Solidago virgaurea,SOLVIR,2,2,9.75,1095.25,37.44444444444444,0.18512658227848103,0.316,0.0585,2190.5,2,144.0376513277,2,1.7677669529663689,0
B13,Vaccinium myrtillus,VACMYR,4,8,13.825000000000001,89.2375,20.053370786516854,0.4,0.089,0.0356,713.9,8,35.671915223523996,8,3.4874775984943622,0.25
B13,Vaccinium vitis-idaea,VACVIT,4,8,7.85,118.425,5.958490566037736,0.46985815602836883,0.3384,0.159,947.4,8,30.329982808152998,8,2.1563858652847823,0
B23,Solidago virgaurea,SOLVIR,4,4,9.45,634.625,28.716063348416288,0.22522292993630574,0.3925,0.0884,2538.5,4,381.30290998977,4,2.1393145319626723,0
B23,Vaccinium myrtillus,VACMYR,4,8,13.1,117.9,19.77358490566038,0.3859223300970874,0.1236,0.0477,943.2,8,24.512387538898402,8,1.7146428199482247,0.5
B23,Vaccinium vitis-idaea,VACVIT,4,8,8.375,66.875,7.621082621082621,0.4241691842900302,0.1655,0.0702,535,8,17.4339365278512,8,2.5604361607611565,0
B23,Vaccinium uliginosum,VACULI,4,8,12.975,93.975,16.133047210300425,0.34776119402985073,0.134,0.0466,751.8,8,9.6234460712218,8,4.025232912515746,0.75
B18,Vaccinium myrtillus,VACMYR,4,8,10.625,100.7375,18.785547785547784,0.446875,0.096,0.0429,805.9,8,19.2761834915525,8,1.9102792117035319,0.25
B18,Vaccinium vitis-idaea,VACVIT,4,8,8.1,88.61250000000001,6.89591439688716,0.4459869848156182,0.2305,0.1028,708.9000000000001,8,40.4134856381947,8,2.041241452319315,0
B21,Solidago virgaurea,SOLVIR,4,4,8.65,668.15,29.995510662177328,0.22718001019887812,0.3922,0.0891,2672.6,4,278.148695245307,4,1.7710637105046971,0
B21,Vaccinium myrtillus,VACMYR,4,8,11,79.1875,17.745098039215684,0.408466819221968,0.0874,0.0357,633.5,8,24.417408163615,8,3.8236108588610325,0.25
B21,Vaccinium uliginosum,VACULI,4,8,12.6,153.6,14.173010380622838,0.3432304038004751,0.2526,0.0867,1228.8,8,43.858343399110296,8,6.248733204951757,0
B21,Vaccinium vitis-idaea,VACVIT,4,8,6.725,51.6625,5.630790190735694,0.4939434724091521,0.1486,0.0734,413.3,8,21.6190350980664,8,2.714620906621524,0
B17,Vaccinium vitis-idaea,VACVIT,4,8,7.325,71.39999999999999,6.063694267515922,0.4595121951219513,0.205,0.0942,571.1999999999999,8,22.1891865556176,8,0.6701989754294366,0
B17,Vaccinium myrtillus,VACMYR,4,8,9.8,69.825,16.67462686567164,0.40167865707434053,0.0834,0.0335,558.6,8,30.8435105469067,8,2.3930454794396754,0.75
B6,Vaccinium myrtillus,VACMYR,4,8,14.05,80.8875,17.82644628099174,0.4002205071664829,0.0907,0.0363,647.1,8,18.9146532387685,8,3.016068080575547,0.75
B6,Vaccinium vitis-idaea,VACVIT,4,8,7.8,63.5875,6.7736351531291605,0.44411590774689536,0.1691,0.0751,508.7,8,11.8831738785802,8,0.21602468994692872,0
B19,Solidago virgaurea,SOLVIR,4,4,10.35,869.95,29.071010860484545,0.2099631643571303,0.5701,0.1197,3479.8,4,220.442380982726,4,4.174925149029621,0
B19,Bistorta vivipara,BISVIV,4,4,7.425,442.225,21.209832134292565,0.20562130177514792,0.4056,0.0834,1768.9,4,227.916481413697,4,3.0401480227120525,0.5
B19,Vaccinium uliginosum,VACULI,4,8,11.625,125.86250000000001,16.615511551155116,0.36749545178896303,0.1649,0.0606,1006.9000000000001,8,44.4930151018915,8,3.317001658124397,0.25
B19,Vaccinium vitis-idaea,VACVIT,4,8,7.575,108.8375,7.044498381877022,0.4387646432374867,0.2817,0.1236,870.7,8,32.7629554527671,8,1.1383467544352788,0.25
B7,Solidago virgaurea,SOLVIR,4,4,6.95,513.525,35.599653379549395,0.20860448300795373,0.2766,0.0577,2054.1,4,181.520345507971,4,0.5802298395176406,0
B7,Bistorta vivipara,BISVIV,4,4,5.05,410.075,25.042748091603052,0.1958732057416268,0.3344,0.0655,1640.3,4,159.922989279215,4,1.652271164185831,0
B7,Vaccinium uliginosum,VACULI,4,8,8.975,107.125,16.078799249530956,0.3536828135368281,0.1507,0.0533,857,8,21.0674935793104,8,3.8655530005420955,0
B7,Vaccinium vitis-idaea,VACVIT,4,8,5.3,58.262499999999996,7.30564263322884,0.42675585284280937,0.1495,0.0638,466.09999999999997,8,21.778425595726,8,1.390443574307614,0
B7,Vaccinium myrtillus,VACMYR,4,8,12.875,75.2875,20.27946127946128,0.4090909090909091,0.0726,0.0297,602.3,8,21.9501016919219,8,2.494493936653284,0.5
B25,Vaccinium myrtillus,VACMYR,4,8,13.85,82.0875,17.101562500000004,0.4247787610619469,0.0904,0.0384,656.7,8,17.900713273897402,8,2.4610295948376293,0.5
B25,Vaccinium vitis-idaea,VACVIT,3,6,4.8,63.63333333333333,6.793594306049822,0.4557988645579886,0.1233,0.0562,381.8,6,33.0584129483959,6,0.34641016151377524,0
B24,Vaccinium myrtillus,VACMYR,4,8,11.35,59.925,16.250847457627117,0.4645669291338582,0.0635,0.0295,479.4,8,18.1650960439441,8,1.1474609652039003,0.5
B24,Vaccinium vitis-idaea,VACVIT,4,8,4.525,41.15,7.691588785046728,0.4220907297830374,0.1014,0.0428,329.2,8,11.9150565012748,8,1.0874281585465775,0
B16,Vaccinium myrtillus,VACMYR,4,8,15.125,123.42500000000001,18.560150375939852,0.3929098966026588,0.1354,0.0532,987.4000000000001,8,31.512525854242202,8,3.5845734288289677,0.25
B16,Vaccinium uliginosum,VACULI,4,8,19.7,153.0125,12.402228976697062,0.38705882352941173,0.255,0.0987,1224.1,8,59.0476668826611,8,4.7902679117839195,0.25
B16,Vaccinium vitis-idaea,VACVIT,4,8,9.05,80.2875,7.042763157894737,0.41854061496099126,0.2179,0.0912,642.3,8,24.2761162756437,8,2.4664414311581235,0
C23,Vaccinium vitis-idaea,VACVIT,4,8,4.975,78.05,9.115328467153283,0.3663101604278075,0.187,0.0685,624.4,8,26.3481091758566,8,2.0726392192886185,0
C23,Vaccinium uliginosum,VACULI,4,8,6.65,88.53750000000001,13.020220588235295,0.38418079096045193,0.1416,0.0544,708.3000000000001,8,22.514562747570398,8,1.6703293088490065,0.5
C23,Vaccinium myrtillus,VACMYR,4,8,11.15,80.075,16.300254452926207,0.42258064516129035,0.093,0.0393,640.6,8,21.7231114582735,8,2.0631690833925043,0.75
C25,Vaccinium myrtillus,VACMYR,4,8,8.725,58.9125,17.718045112781958,0.4222222222222222,0.063,0.0266,471.3,8,15.5781382988194,8,1.23659478676997,0.75
C25,Vaccinium vitis-idaea,VACVIT,4,8,4.25,80.175,6,0.4883508451347647,0.2189,0.1069,641.4,8,24.2543515977767,8,1.0148891565092222,0
C22,Vaccinium myrtillus,VACMYR,4,8,8.625,59.5375,17.575645756457565,0.4254317111459968,0.0637,0.0271,476.3,8,22.7258781065614,8,1.6028620235898867,0.5
C22,Vaccinium vitis-idaea,VACVIT,4,8,4.2,59.5375,5.998740554156171,0.4943960149439602,0.1606,0.0794,476.3,8,28.209772242965702,8,0.21602468994692872,0.25
C21,Vaccinium vitis-idaea,VACVIT,4,8,8.975,118.1125,6.445429740791267,0.4569825436408978,0.3208,0.1466,944.9,8,49.7822813430068,8,2.991515780781821,0
C21,Vaccinium myrtillus,VACMYR,4,8,11.875,58.775,17.036231884057973,0.42790697674418604,0.0645,0.0276,470.2,8,13.979142626478499,8,2.3027157879338906,0.75
C24,Solidago virgaurea,SOLVIR,2,2,6.5,781.35,26.08848080133556,0.20726643598615918,0.289,0.0599,1562.7,2,751.442376366944,2,3.5355339059327378,0
C24,Vaccinium myrtillus,VACMYR,4,8,11.7,81.45,16.664961636828643,0.42088266953713677,0.0929,0.0391,651.6,8,15.9595023194871,8,3.3565855667130946,0.5
C24,Vaccinium vitis-idaea,VACVIT,4,8,4.75,71.55,8.752293577981652,0.416030534351145,0.1572,0.0654,572.4,8,31.6046560765069,8,1.6941074346097416,0
C24,Vaccinium uliginosum,VACULI,4,8,9.3,93.2375,14.829025844930417,0.36985294117647055,0.136,0.0503,745.9,8,22.1111437644331,8,1.7301252363147974,0
C16,Vaccinium uliginosum,VACULI,4,8,7.275,92.475,19.215584415584416,0.29844961240310075,0.129,0.0385,739.8,8,10.073976374798601,8,1.3889444433333775,0
C16,Vaccinium myrtillus,VACMYR,4,8,12.025,148.225,22.458333333333336,0.3604095563139932,0.1465,0.0528,1185.8,8,67.0704480378654,8,3.1542299641381044,0.25
C17,Vaccinium myrtillus,VACMYR,4,8,9.975,90.53750000000001,19.953168044077138,0.40243902439024387,0.0902,0.0363,724.3000000000001,8,29.7684846535968,8,1.3961255912942314,0.5
C17,Vaccinium uliginosum,VACULI,4,8,14.075,131.725,13.884057971014494,0.3884339815762538,0.1954,0.0759,1053.8,8,25.828486488482298,8,1.767059704707229,0.5
C17,Vaccinium vitis-idaea,VACVIT,4,8,5.35,79.16250000000001,9.788253477588873,0.3844325609031491,0.1683,0.0647,633.3000000000001,8,35.523631470573804,8,0.7047458170621989,0
C17,Betula nana,BETNAN,1,4,17,71,12.678571428571427,0.43410852713178294,0.0516,0.0224,284,4,13.740693820425001,4,NA,0
C15,Betula nana,BETNAN,1,4,19,75.05,11.635658914728682,0.44482758620689655,0.058,0.0258,300.2,4,12.2687951051981,4,NA,0
C15,Solidago virgaurea,SOLVIR,3,3,5.7,338.43333333333334,23.340229885057475,0.24548532731376974,0.1772,0.0435,1015.3000000000001,3,96.8692073536959,3,1.0816653826391966,0
C15,Vaccinium myrtillus,VACMYR,4,8,10.15,69.6375,17.629746835443036,0.44822695035461,0.0705,0.0316,557.1,8,10.7997271790938,8,1.1,0.25
C15,Vaccinium vitis-idaea,VACVIT,4,8,5.7,51.824999999999996,7.43010752688172,0.42272727272727273,0.132,0.0558,414.59999999999997,8,20.2209050242565,8,1.4375905768565216,0
C19,Betula nana,BETNAN,4,8,28,88.5,11.663920922570018,0.4180440771349862,0.1452,0.0607,708,8,10.3724910907926,8,5.887840577551898,0
C19,Vaccinium myrtillus,VACMYR,4,8,14.325,65.8375,18.480701754385965,0.42473919523099846,0.0671,0.0285,526.7,8,17.9951531172782,8,3.7402094415509226,0.5
C19,Vaccinium vitis-idaea,VACVIT,4,8,5.25,51.1625,6.913851351351352,0.4820846905537459,0.1228,0.0592,409.3,8,20.3057301905504,8,2.3530122538284126,0
C14,Betula nana,BETNAN,3,6,36.666666666666664,47.28333333333334,12.442982456140351,0.38513513513513514,0.0592,0.0228,283.70000000000005,6,13.5560195731146,6,4.618802153517006,0.6666666666666666
C14,Vaccinium myrtillus,VACMYR,4,8,13.45,66.8875,18.38831615120275,0.42983751846381096,0.0677,0.0291,535.1,8,24.4017819899636,8,1.8699376103674334,0.5
C14,Vaccinium vitis-idaea,VACVIT,4,8,5.45,55.65,7.274509803921569,0.46504559270516715,0.1316,0.0612,445.2,8,12.4192247285063,8,0.8582928793055823,0
C18,Betula nana,BETNAN,1,4,24,55.65,17.25581395348837,0.3644067796610169,0.0354,0.0129,222.6,4,6.251133230596411,4,NA,0
C18,Vaccinium myrtillus,VACMYR,4,8,7.325,80.63749999999999,17.869806094182824,0.3980154355016538,0.0907,0.0361,645.0999999999999,8,20.7589524577436,8,0.9708243919473798,0.5
C18,Vaccinium vitis-idaea,VACVIT,4,8,4.5,51.225,6.841402337228715,0.4604150653343582,0.1301,0.0599,409.8,8,17.7736361743213,8,0.6218252702059212,0
C20,Betula nana,BETNAN,1,4,36,69.675,11.516528925619834,0.43761301989150087,0.0553,0.0242,278.7,4,8.57763564936943,4,NA,1
C20,Vaccinium myrtillus,VACMYR,4,8,11.925,52.025,17.341666666666665,0.4452690166975881,0.053900000000000003,0.024,416.2,8,11.6952676632169,8,1.7727097901235833,0.75
C20,Vaccinium vitis-idaea,VACVIT,4,8,6.1,71.35000000000001,6.16414686825054,0.46673387096774194,0.1984,0.0926,570.8000000000001,8,39.6912008960604,8,2.6795522013948525,0
C13,Betula nana,BETNAN,4,8,35.25,99.275,14.031802120141345,0.41044234952864395,0.1379,0.0566,794.2,8,59.204868284385505,8,13.375973484822204,0
C13,Vaccinium myrtillus,VACMYR,4,8,14.375,80.85,17.96666666666667,0.410958904109589,0.0876,0.036,646.8,8,17.8934145906891,8,2.62472220752343,0.75
C13,Vaccinium vitis-idaea,VACVIT,4,8,5.625,69.66250000000001,8.007183908045977,0.4259485924112607,0.1634,0.0696,557.3000000000001,8,22.5022498875112,8,2.0982135258357286,0
C11,Vaccinium uliginosum,VACULI,4,8,13.25,156.76250000000002,12.491035856573706,0.40565656565656566,0.2475,0.1004,1254.1000000000001,8,42.0646759679153,8,1.4433756729740645,0.5
C11,Vaccinium myrtillus,VACMYR,4,8,13.2,67.4,18.216216216216218,0.39731543624161075,0.0745,0.0296,539.2,8,15.8469465287706,8,2.76646585616619,0.25
C11,Betula nana,BETNAN,4,8,27.25,39.3375,12.897540983606556,0.43649373881932024,0.0559,0.0244,314.7,8,7.71620511835782,8,3.304037933599835,0
C11,Vaccinium vitis-idaea,VACVIT,4,8,5.275,68.5625,7.9723837209302335,0.42208588957055215,0.163,0.0688,548.5,8,17.6995510435394,8,1.7346949779908474,0
C12,Betula nana,BETNAN,4,8,37.5,71.5875,11.38568588469185,0.43362068965517236,0.116,0.0503,572.7,8,19.2777768057271,8,4.509249752822894,0.25
C12,Vaccinium vitis-idaea,VACVIT,4,8,7.9,93.77499999999999,6.262103505843071,0.4950413223140496,0.242,0.1198,750.1999999999999,8,15.6032734660757,8,0.8831760866327849,0
C12,Vaccinium myrtillus,VACMYR,4,8,14.7,83.2,18.285714285714285,0.4112994350282486,0.0885,0.0364,665.6,8,13.6566048907793,8,2.3508863576673944,0.75
C9,Vaccinium myrtillus,VACMYR,4,8,8.875,61.712500000000006,19.987854251012145,0.39583333333333337,0.0624,0.0247,493.70000000000005,8,17.1006631032667,8,3.3200150602068055,0.5
C9,Vaccinium vitis-idaea,VACVIT,4,8,6.275,79.66250000000001,6.830653804930333,0.48492723492723494,0.1924,0.0933,637.3000000000001,8,31.8053426554183,8,1.7461863207191457,0
C3,Betula nana,BETNAN,4,8,20.75,74.775,11.057301293900185,0.45309882747068675,0.1194,0.0541,598.2,8,11.5987376160388,8,3.2015621187164243,1
C3,Vaccinium myrtillus,VACMYR,4,8,10.25,50.212500000000006,15.101503759398497,0.4531516183986371,0.0587,0.0266,401.70000000000005,8,12.860508488058601,8,3.557620927904864,0.25
C3,Vaccinium vitis-idaea,VACVIT,4,8,5.2,58.46249999999999,9.372745490981963,0.4050324675324675,0.1232,0.0499,467.69999999999993,8,20.0697311178515,8,1.2961481396815722,0
C3,Vaccinium uliginosum,VACULI,4,8,6.975,67.675,13.014423076923077,0.40193236714975844,0.1035,0.0416,541.4,8,24.7977965611002,8,1.4930394055974097,0.25
C7,Betula nana,BETNAN,4,8,28.75,81.9875,10.968227424749164,0.4632068164213788,0.1291,0.0598,655.9,8,15.8051924108141,8,5.123475382979799,0
C7,Vaccinium myrtillus,VACMYR,4,8,10.625,39.1125,17.287292817679557,0.4425427872860636,0.0409,0.0181,312.9,8,11.8237578628793,8,3.1234329404252192,0.5
C7,Vaccinium vitis-idaea,VACVIT,4,8,5.2,52.0875,5.397668393782383,0.503916449086162,0.1532,0.0772,416.7,8,31.033136092156198,8,1.9407902170679516,0
C10,Vaccinium myrtillus,VACMYR,4,8,12.95,59.762499999999996,17.642066420664207,0.44353518821603927,0.0611,0.0271,478.09999999999997,8,14.564137706807701,8,2.2605309110914633,0.25
C10,Vaccinium vitis-idaea,VACVIT,4,8,7.675,107.0125,5.896005509641873,0.4955631399317406,0.293,0.1452,856.1,8,53.453756716837596,8,2.4349880218733446,0
C5,Betula nana,BETNAN,4,8,29.25,84.775,10.921095008051529,0.4373239436619719,0.142,0.0621,678.2,8,14.943297589794,8,2.6299556396765835,0
C5,Vaccinium vitis-idaea,VACVIT,4,8,6.3,60.775,6.678571428571428,0.46846846846846846,0.1554,0.0728,486.2,8,12.1948174003784,8,2.3706539182259396,0
C5,Vaccinium myrtillus,VACMYR,4,8,10.85,44.6375,16.15837104072398,0.4835886214442014,0.0457,0.0221,357.1,8,11.221527461599399,8,1.2974333637352373,0.25
C1,Vaccinium vitis-idaea,VACVIT,4,8,3.525,37.15,6.153209109730849,0.4586894586894587,0.1053,0.0483,297.2,8,8.76535387599546,8,1.3200378782444084,0
C1,Vaccinium myrtillus,VACMYR,4,8,7.825,47.1625,15.852941176470589,0.4550669216061186,0.0523,0.0238,377.3,8,14.0963964493463,8,2.798064807445794,0
C8,Betula nana,BETNAN,4,8,23.75,51.800000000000004,9.504587155963304,0.464818763326226,0.0938,0.0436,414.40000000000003,8,6.488451279003329,8,5.852349955359813,0.5
C8,Vaccinium myrtillus,VACMYR,4,8,9.05,75.8125,14.828850855745722,0.44994499449944997,0.0909,0.0409,606.5,8,10.9033988802968,8,1.1090536506409416,0
C8,Vaccinium vitis-idaea,VACVIT,4,8,3.175,61.1,6.01230012300123,0.4677790563866513,0.1738,0.0813,488.8,8,12.6770884444565,8,0.4031128874149274,0
C6,Vaccinium myrtillus,VACMYR,4,8,9.1,62.787499999999994,16.523026315789473,0.4293785310734463,0.0708,0.0304,502.29999999999995,8,9.02448059447191,8,1.5297058540778352,0.75
C6,Vaccinium vitis-idaea,VACVIT,4,8,3.4,48.4125,7.63905325443787,0.44630281690140844,0.1136,0.0507,387.3,8,23.0110183235274,8,0.5163977794943223,0
C4,Betula nana,BETNAN,3,6,32,72.18333333333334,11.19121447028424,0.42857142857142855,0.0903,0.0387,433.1,6,6.67005747101677,6,7.810249675906654,0.6666666666666666
C4,Vaccinium vitis-idaea,VACVIT,4,8,4.825,57.725,7.318541996830428,0.45395683453237407,0.139,0.0631,461.8,8,22.1739712275452,8,1.6152915113584503,0
C4,Vaccinium myrtillus,VACMYR,4,8,8.45,60.3875,17.31541218637993,0.42018072289156627,0.0664,0.0279,483.1,8,28.5122749255224,8,0.7549834435270747,0.25
C2,Betula nana,BETNAN,1,4,21,55.400000000000006,12.735632183908049,0.43283582089552236,0.0402,0.0174,221.60000000000002,4,5.60654379572062,4,NA,1
C2,Vaccinium vitis-idaea,VACVIT,4,8,2.7,38.6625,10.379194630872483,0.37721518987341773,0.079,0.0298,309.3,8,17.516517714921,8,0.6164414002968976,0
C2,Vaccinium myrtillus,VACMYR,4,8,7.725,30.7375,14.724550898203594,0.47988505747126436,0.0348,0.0167,245.9,8,12.335539538839999,8,1.800694310536911,0.75
D18,Vaccinium uliginosum,VACULI,4,8,3.65,44.262499999999996,13.671814671814673,0.39481707317073167,0.0656,0.0259,354.09999999999997,8,10.3633885109346,8,1.3576941236277535,0
D18,Vaccinium vitis-idaea,VACVIT,4,8,3.375,49.3,8.148760330578513,0.411214953271028,0.1177,0.0484,394.4,8,13.431732150822102,8,0.6994045086119096,0.25
D18,Vaccinium myrtillus,VACMYR,4,8,8.025,54.337500000000006,16.40377358490566,0.43300653594771243,0.0612,0.0265,434.70000000000005,8,12.059251042842,8,1.0468205831628135,0.25
D14,Vaccinium myrtillus,VACMYR,4,8,12.225,114.2625,17.150093808630395,0.42067876874506704,0.1267,0.0533,914.1,8,19.5619848174974,8,1.8643586922406676,0.75
D15,Betula nana,BETNAN,3,6,18.4,69.95,11.991428571428571,0.43424317617866004,0.0806,0.035,419.7,6,15.776026115597,6,4.992995093127972,0
D15,Vaccinium myrtillus,VACMYR,4,8,7.9,48.662499999999994,15.954918032786884,0.4510166358595194,0.0541,0.0244,389.29999999999995,8,28.0653796645313,8,2.3706539182259396,0.25
D15,Vaccinium vitis-idaea,VACVIT,4,8,4.6,61.650000000000006,6.165000000000001,0.48134777376654636,0.1662,0.08,493.20000000000005,8,19.0816291607549,8,0.804155872120988,0
D13,Bistorta vivipara,BISVIV,4,4,6.3,203.97500000000002,15.452651515151516,0.24512534818941503,0.2154,0.0528,815.9000000000001,4,117.425476366928,4,1.9798989873223334,0.25
D13,Betula nana,BETNAN,4,8,26.5,101.6875,12.912698412698413,0.39350405996252347,0.1601,0.063,813.5,8,17.475569682110102,8,11.902380714238083,0
D13,Vaccinium myrtillus,VACMYR,4,8,9.65,76.0125,18.20658682634731,0.4053398058252427,0.0824,0.0334,608.1,8,21.0228744466593,8,1.2767145334803707,0.5
D13,Vaccinium uliginosum,VACULI,4,8,16,128.9,11.83926521239954,0.4091122592766557,0.2129,0.0871,1031.2,8,49.1308457081699,8,2.041241452319315,0.75
D19,Betula nana,BETNAN,3,6,27.333333333333332,89.81666666666666,10.650197628458498,0.4550359712230216,0.1112,0.0506,538.9,6,23.0332296186763,6,11.060440015358038,1
D19,Vaccinium vitis-idaea,VACVIT,4,8,3.7,42.7375,7.7704545454545455,0.4100652376514445,0.1073,0.044,341.9,8,14.1299011724377,8,0.5597618541248888,0
D12,Solidago virgaurea,SOLVIR,1,1,13,1551.1,33.21413276231264,0.19490818030050083,0.2396,0.0467,1551.1,1,NA,1,NA,0
D12,Vaccinium myrtillus,VACMYR,4,8,13.95,82.375,16.98453608247423,0.41145281018027574,0.0943,0.0388,659,8,29.4653670797236,8,2.4528894525980305,0.5
D12,Vaccinium uliginosum,VACULI,4,8,17.45,141.0875,10.739295908658422,0.43993302637086645,0.2389,0.1051,1128.7,8,24.307755229262,8,5.057337903152869,0.5
D12,Vaccinium vitis-idaea,VACVIT,4,8,8.775,99.425,8.372631578947367,0.38728088055442317,0.2453,0.095,795.4,8,20.4177618753868,8,1.0468205831628141,0
D12,Betula nana,BETNAN,4,8,31.75,57.2625,11.539042821158692,0.4131113423517169,0.0961,0.0397,458.1,8,19.9563049471303,8,3.4034296427770228,0
D11,Solidago virgaurea,SOLVIR,4,4,5.75,394.625,27.98758865248227,0.2160919540229885,0.261,0.0564,1578.5,4,298.319653783208,4,1.8083141320025127,0
D11,Vaccinium uliginosum,VACULI,4,8,14.35,72.6875,14.64735516372796,0.37773549000951473,0.1051,0.0397,581.5,8,30.8992111549793,8,4.20356991139674,0
D11,Betula nana,BETNAN,3,6,37,81.76666666666667,12.203980099502486,0.42405063291139244,0.0948,0.0402,490.59999999999997,6,16.4088593956639,6,4.358898943540674,0.3333333333333333
D11,Vaccinium vitis-idaea,VACVIT,4,8,4.3,85.25,5.5,0.4778420038535645,0.2595,0.124,682,8,19.3542169639,8,1.235583532856709,0
D11,Vaccinium myrtillus,VACMYR,4,8,10.5,53.6625,17.813278008298756,0.4077834179357022,0.0591,0.0241,429.3,8,11.6478002215011,8,2.716615541441225,0.5
D17,Bistorta vivipara,BISVIV,4,4,5.125,195.97500000000002,17.041304347826088,0.20544886109870478,0.2239,0.046,783.9000000000001,4,47.6420245161769,4,0.7932002689527197,0
D17,Solidago virgaurea,SOLVIR,2,2,7.85,614.15,23.088345864661655,0.22822822822822822,0.2331,0.0532,1228.3,2,50.275292142363504,2,1.9091883092036779,0
D17,Vaccinium uliginosum,VACULI,4,8,10,145.13750000000002,13.104966139954854,0.36657012825817126,0.2417,0.0886,1161.1000000000001,8,38.847428210519006,8,2.1213203435596424,0
D17,Vaccinium vitis-idaea,VACVIT,4,8,5.25,96.1875,9.304715840386942,0.3508697496817989,0.2357,0.0827,769.5,8,61.6949277262147,8,1.5758595538097082,0
D17,Vaccinium myrtillus,VACMYR,4,8,8.75,65.55,15.025787965616043,0.42457420924574213,0.0822,0.0349,524.4,8,19.0087949569215,8,0.5802298395176405,0.25
D17,Betula nana,BETNAN,4,8,15.875,85.875,15.613636363636365,0.3672787979966611,0.1198,0.044,687,8,17.623097668360398,8,4.366062299143245,0
D16,Solidago virgaurea,SOLVIR,4,4,13.075,1008.15,37.03030303030303,0.17592891760904686,0.619,0.1089,4032.6,4,415.68202992191,4,2.364141845716256,0
D16,Vaccinium vitis-idaea,VACVIT,4,8,7.5,128.8875,6.521821631878558,0.4744897959183673,0.3332,0.1581,1031.1,8,51.5295321012274,8,1.6713268182295566,0
D16,Vaccinium uliginosum,VACULI,4,8,13.625,215.3,15.65818181818182,0.3416149068322981,0.322,0.11,1722.4,8,50.280186384471,8,2.4958298553119898,0
D16,Vaccinium myrtillus,VACMYR,4,8,14.325,136.525,17.759349593495934,0.3824626865671642,0.1608,0.0615,1092.2,8,25.2001558952094,8,3.9229028367608936,0.25
D16,Betula nana,BETNAN,3,6,35,110.58333333333333,12.129798903107861,0.41439393939393937,0.132,0.0547,663.5,6,7.4512862424327,6,6.082762530298219,0
D20,Betula nana,BETNAN,3,6,19,68.81666666666666,11.343406593406591,0.44938271604938274,0.081,0.0364,412.9,6,16.2521895960719,6,2.6457513110645907,0
D20,Vaccinium myrtillus,VACMYR,4,8,6.3,35.2375,15.748603351955307,0.4601542416452442,0.0389,0.0179,281.9,8,5.97780119633107,8,1.6268579122549904,0
D20,Vaccinium vitis-idaea,VACVIT,4,8,4.3,49.9375,7.263636363636364,0.435471100554236,0.1263,0.055,399.5,8,13.5621255708683,8,0.7164728420068225,0
D2,Vaccinium uliginosum,VACULI,4,8,NA,117.30000000000001,13.902222222222221,0.40298507462686567,0.1675,0.0675,938.4000000000001,8,23.571047615969203,8,NA,NA
D2,Betula nana,BETNAN,4,8,23.25,67.6875,11.376050420168067,0.45333333333333337,0.105,0.0476,541.5,8,10.6881025310523,8,6.5,0
D2,Vaccinium vitis-idaea,VACVIT,4,8,5.5,71.65,5.952232606438214,0.4878419452887538,0.1974,0.0963,573.2,8,30.330230087206,8,0.3741657386773942,0
D8,Betula nana,BETNAN,4,8,14.625,86.2375,15.538288288288289,0.36877076411960136,0.1204,0.0444,689.9,8,20.5918803345951,8,6.368869601428498,0
D8,Vaccinium uliginosum,VACULI,4,8,6.9,77.2625,18.179411764705883,0.3740374037403741,0.0909,0.034,618.1,8,20.3277387892927,8,1.409491634124398,0.5
D8,Vaccinium vitis-idaea,VACVIT,4,8,4.5,86.725,4.858543417366946,0.5005257623554153,0.2853,0.1428,693.8,8,38.429666739568404,8,1.2409673645990853,0
D8,Vaccinium myrtillus,VACMYR,4,8,9.45,47.137499999999996,19.640625,0.40591966173361516,0.0473,0.0192,377.09999999999997,8,10.8748645311759,8,3.296968304366908,0
D7,Betula nana,BETNAN,2,4,25.333333333333332,96.22500000000001,11.421364985163205,0.4326059050064185,0.0779,0.0337,384.90000000000003,4,19.5008333155278,4,3.7859388972001824,0
D7,Vaccinium myrtillus,VACMYR,4,8,12.399999999999999,87.91250000000001,16.317865429234338,0.4336016096579477,0.0994,0.0431,703.3000000000001,8,60.99122741369099,8,3.5052341814302026,0.75
D7,Vaccinium uliginosum,VACULI,4,8,17.05,95.3,13.144827586206896,0.4067321178120617,0.1426,0.058,762.4,8,31.1713696477118,8,2.8769196489764304,0.5
D7,Vaccinium vitis-idaea,VACVIT,4,8,5.85,75.8375,6.894318181818183,0.43956043956043955,0.2002,0.088,606.7,8,22.074739118342,8,2.0566963801203135,0
D6,Betula nana,BETNAN,3,6,20.75,79.88333333333334,12.815508021390375,0.4021505376344086,0.093,0.0374,479.3,6,23.7169489324969,6,13.08147545195113,0
D6,Vaccinium uliginosum,VACULI,4,8,8.775,152.89999999999998,12.146971201588878,0.36525208560029016,0.2757,0.1007,1223.1999999999998,8,50.88979690047341,8,1.1898879499067694,0
D6,Vaccinium vitis-idaea,VACVIT,4,8,5.5,72.125,6.151385927505331,0.45600388915896933,0.2057,0.0938,577,8,22.4883938319938,8,1.8672618098881224,0
D6,Vaccinium myrtillus,VACMYR,4,8,11.525,72.6,17.925925925925927,0.4331550802139037,0.0748,0.0324,580.8,8,16.3448550227368,8,3.7499999999999996,0.5
D4,Betula nana,BETNAN,4,8,24.75,66.225,12.797101449275363,0.4241803278688524,0.0976,0.0414,529.8,8,15.240149043140699,8,2.753785273643051,0.5
D4,Vaccinium uliginosum,VACULI,4,8,12.45,143.26250000000002,12.86307519640853,0.3890829694323144,0.229,0.0891,1146.1000000000001,8,38.414057601724,8,2.2293496809607958,0.75
D4,Vaccinium myrtillus,VACMYR,4,8,14.25,61.58749999999999,15.791666666666666,0.4297520661157025,0.0726,0.0312,492.69999999999993,8,19.8737039110191,8,2.981610303175115,0.5
D4,Vaccinium vitis-idaea,VACVIT,4,8,5.975,58.9375,5.806650246305419,0.49122807017543857,0.1653,0.0812,471.5,8,14.6856526193814,8,0.9945685831890462,0
D9,Vaccinium myrtillus,VACMYR,4,8,11.524999999999999,93.975,22.508982035928145,0.3443298969072165,0.097,0.0334,751.8,8,20.8472505895348,8,2.054872258803452,0.25
D9,Betula nana,BETNAN,2,4,13.5,126.47500000000001,19.23574144486692,0.3134684147794994,0.0839,0.0263,505.90000000000003,4,17.4734799052736,4,0,0
D9,Vaccinium vitis-idaea,VACVIT,4,8,3.2,49.3,6.955908289241623,0.4440093970242756,0.1277,0.0567,394.4,8,10.596090923408601,8,0.9486832980505138,0
D10,Vaccinium vitis-idaea,VACVIT,4,8,4.95,72.7125,6.214743589743589,0.47035175879396984,0.199,0.0936,581.7,8,22.3266296797601,8,0.8850612031567834,0.25
D10,Vaccinium myrtillus,VACMYR,4,8,11.85,63.9875,17.96140350877193,0.42857142857142855,0.0665,0.0285,511.9,8,24.823113509101,8,3.5707142142714257,0.75
D5,Betula nana,BETNAN,3,6,21,88.51666666666667,12.797590361445781,0.41252485089463226,0.1006,0.0415,531.1,6,15.144558978942499,6,5.291502622129181,0.6666666666666666
D5,Vaccinium myrtillus,VACMYR,4,8,8.825,67.4375,16.056547619047617,0.44503311258278144,0.0755,0.0336,539.5,8,30.0907170070771,8,1.445394986384921,0.25
D5,Vaccinium vitis-idaea,VACVIT,4,7,5.175,56.32857142857143,9.882205513784461,0.403030303030303,0.099,0.0399,394.3,7,16.0052818662793,7,1.8518009252256753,0
D3,Betula nana,BETNAN,2,4,42.5,97.39999999999999,12.986666666666668,0.4219409282700422,0.0711,0.03,389.59999999999997,4,19.2275843516548,4,4.949747468305833,1
D3,Vaccinium uliginosum,VACULI,4,8,18,139.5625,14.15082382762991,0.38134364427259543,0.2069,0.0789,1116.5,8,34.313051973182,8,6.177917664283546,1
D3,Vaccinium vitis-idaea,VACVIT,4,8,6.125,78.3875,5.594112399643175,0.49253075571177507,0.2276,0.1121,627.1,8,18.8282794525378,8,2.171596954624254,0.5
D3,Vaccinium myrtillus,VACMYR,4,8,11.825,48.6125,18.258215962441316,0.42430278884462147,0.0502,0.0213,388.9,8,21.7139479532002,8,2.6998456746019146,3
D1,Solidago virgaurea,SOLVIR,1,1,7.5,519.1,18.539285714285715,0.27805362462760674,0.1007,0.028,519.1,1,NA,1,NA,0
D1,Vaccinium vitis-idaea,VACVIT,4,8,7.175,73.4375,5.1535087719298245,0.4899011602922218,0.2327,0.114,587.5,8,20.3546370638241,8,1.6520189667999172,0
D25,Betula nana,BETNAN,2,4,11.9,79.45,10.218649517684888,0.4533527696793003,0.0686,0.0311,317.8,4,9.70034363652478,4,2.2627416997969516,0
D25,Vaccinium myrtillus,VACMYR,4,8,8.175,70.5375,16.309248554913296,0.4330413016270338,0.0799,0.0346,564.3,8,29.5426537883302,8,3.4296501279285034,0
D25,Vaccinium vitis-idaea,VACVIT,4,7,4.1,52.5,7.3061630218687865,0.4212730318257956,0.1194,0.0503,367.5,7,14.6123235660863,7,1.055146119422961,0
D21,Vaccinium uliginosum,VACULI,3,6,9.333333333333334,97.91666666666666,13.321995464852609,0.39587073608617596,0.1114,0.0441,587.5,6,45.500304028288305,6,2.516611478423583,0.3333333333333333
D21,Betula nana,BETNAN,4,8,19,72.45,10.99810246679317,0.4554883318928263,0.1157,0.0527,579.6,8,13.4682695887143,8,7.153087911291645,0
D21,Vaccinium myrtillus,VACMYR,4,8,8,45.1375,15.49785407725322,0.446360153256705,0.0522,0.0233,361.1,8,10.4267427457339,8,1.1372481406154655,0.25
D21,Vaccinium vitis-idaea,VACVIT,4,8,4.3,67.60000000000001,9.340241796200345,0.38243064729194187,0.1514,0.0579,540.8000000000001,8,25.986699894918804,8,1.3089435944047907,0
D23,Vaccinium vitis-idaea,VACVIT,4,8,6.15,73.3625,6.6769055745164945,0.46557203389830515,0.1888,0.0879,586.9,8,18.8089596811125,8,1.223383286900171,0
D23,Betula nana,BETNAN,4,8,27.125,56.725,9.973626373626375,0.4739583333333333,0.096,0.0455,453.8,8,11.2757324754156,8,3.17214438511238,0.5
D23,Vaccinium myrtillus,VACMYR,4,8,9.8,37.95,15.649484536082474,0.44803695150115475,0.0433,0.0194,303.6,8,5.396295025292821,8,2.434474618201362,0
D24,Betula nana,BETNAN,4,8,29.5,53.05,12.265895953757227,0.4379746835443038,0.079,0.0346,424.4,8,7.8175626453700895,8,7.937253933193772,0
D24,Vaccinium myrtillus,VACMYR,4,8,11.2,94.6375,16.281720430107526,0.44075829383886256,0.1055,0.0465,757.1,8,13.902511335315301,8,1.8743887892679398,0.5
D24,Vaccinium vitis-idaea,VACVIT,4,8,3.975,71.125,5.847893114080165,0.4781326781326782,0.2035,0.0973,569,8,38.3897958912447,8,0.776208734813001,0
D22,Betula nana,BETNAN,4,8,6.925,53.8875,11.843406593406593,0.4477244772447725,0.0813,0.0364,431.1,8,23.027278078711,8,0.6898067362191627,0
D22,Vaccinium myrtillus,VACMYR,4,7,5.725,40.01428571428572,14.742105263157896,0.43879907621247116,0.0433,0.019,280.1,7,13.1177270098429,7,0.4031128874149277,0
D22,Vaccinium vitis-idaea,VACVIT,4,8,3.275,43.2875,6.161921708185053,0.4916885389326334,0.1143,0.0562,346.3,8,17.4687833822835,8,0.9032349269892819,0
E19,Betula nana,BETNAN,4,8,9.25,81.125,11.132075471698114,0.45404984423676015,0.1284,0.0583,649,8,27.3220868268042,8,2.661453237111885,0.25
E19,Vaccinium vitis-idaea,VACVIT,4,8,2.925,43.225,5.841216216216216,0.46141855027279816,0.1283,0.0592,345.8,8,13.2306732362988,8,1.0719919153924,0.25
E21,Betula nana,BETNAN,4,8,6.5,78.7,12.592,0.42735042735042733,0.117,0.05,629.6,8,26.2860093151145,8,1.2909944487358056,0.5
E21,Vaccinium vitis-idaea,VACVIT,4,8,2.525,41.125,7.4434389140271495,0.44646464646464645,0.099,0.0442,329,8,10.7228394427169,8,0.2629955639676584,0.25
E18,Betula nana,BETNAN,3,6,6.666666666666667,95.46666666666667,10.174067495559502,0.4245852187028658,0.1326,0.0563,572.8,6,29.331802990383398,6,0.28867513459481287,0.3333333333333333
E18,Vaccinium vitis-idaea,VACVIT,4,8,2.1,29.475,8.1875,0.44239631336405527,0.0651,0.0288,235.8,8,4.49372578475494,8,0.3741657386773941,0
E17,Betula nana,BETNAN,4,8,13.875,78.325,11.49724770642202,0.44966996699669964,0.1212,0.0545,626.6,8,9.92352903817128,8,3.1191612120354835,0.25
E17,Vaccinium myrtillus,VACMYR,3,6,5.775,33.25,15.000000000000004,0.4375,0.0304,0.0133,199.5,6,10.376656494266399,6,0.6946221994724903,0.25
E17,Vaccinium vitis-idaea,VACVIT,4,8,3.775,40.1,8.53191489361702,0.4008528784648188,0.0938,0.0376,320.8,8,7.036029724618439,8,0.6130524719249841,0
E20,Vaccinium vitis-idaea,VACVIT,4,8,3.1,52.449999999999996,8.871035940803383,0.39188069594034797,0.1207,0.0473,419.59999999999997,8,14.1565734352834,8,0.8602325267042628,0
E20,Betula nana,BETNAN,4,8,10.25,64.1875,10.697916666666666,0.4456824512534819,0.1077,0.048,513.5,8,15.687250282588499,8,1.5,0.25
E1,Vaccinium uliginosum,VACULI,4,8,10.125,74.8,13.88399071925754,0.4043151969981238,0.1066,0.0431,598.4,8,17.895570082325598,8,2.780137886268713,0.25
E1,Solidago virgaurea,SOLVIR,4,4,5.325,276.625,35.01582278481012,0.2133693450371371,0.1481,0.0316,1106.5,4,105.837465798585,4,1.9259196937221101,0
E1,Betula nana,BETNAN,3,6,21.333333333333332,105.86666666666666,13.01639344262295,0.40599001663893514,0.1202,0.0488,635.2,6,24.8213349090388,6,4.932882862316247,0
E1,Vaccinium myrtillus,VACMYR,4,8,8.825,72.175,17.18452380952381,0.4386422976501305,0.0766,0.0336,577.4,8,23.0918507579746,8,2.136000936329383,0.5
E1,Vaccinium vitis-idaea,VACVIT,4,8,4.95,57.66250000000001,7.010638297872342,0.4556786703601108,0.1444,0.0658,461.30000000000007,8,18.0393171790319,8,1.7710637105046976,0
E16,Betula nana,BETNAN,4,8,12,89.7,9.645161290322582,0.4584103512014787,0.1623,0.0744,717.6,8,21.4044054210476,8,3.265986323710904,0.5
E16,Vaccinium vitis-idaea,VACVIT,4,8,4.225,42.2125,6.519305019305018,0.4666666666666667,0.111,0.0518,337.7,8,11.5374467960389,8,1.1786291472158095,0
E23,Betula nana,BETNAN,4,8,11.5,78.23750000000001,10.904181184668989,0.44221879815100157,0.1298,0.0574,625.9000000000001,8,29.248000542161602,8,2.886751345948129,0.25
E23,Vaccinium vitis-idaea,VACVIT,4,8,2.725,37.574999999999996,8.080645161290324,0.3982869379014989,0.0934,0.0372,300.59999999999997,8,13.5887295737523,8,0.8261355820929153,0
E22,Vaccinium vitis-idaea,VACVIT,4,8,1.8250000000000002,43.9625,6.869140625,0.44677137870855155,0.1146,0.0512,351.7,8,4.03871885627113,8,0.6075908711186061,0
E3,Solidago virgaurea,SOLVIR,4,4,7.475,362.725,23.030158730158732,0.2428681572860447,0.2594,0.063,1450.9,4,198.837242906521,4,2.4635678733630755,0
E3,Betula nana,BETNAN,4,8,18.5,115.5875,11.66078184110971,0.3873961895456766,0.2047,0.0793,924.7,8,30.6915734130955,8,5.196152422706632,0.25
E3,Vaccinium myrtillus,VACMYR,4,8,11.425,78.1625,17.865714285714283,0.4424778761061947,0.0791,0.035,625.3,8,14.6806906707903,8,1.5195942440884238,0.25
E3,Vaccinium vitis-idaea,VACVIT,4,8,5.7,56.125,6.377840909090909,0.46684350132626,0.1508,0.0704,449,8,11.359923289479399,8,0.7745966692414833,0.25
E5,Vaccinium myrtillus,VACMYR,4,8,7.6,56.037499999999994,16.30181818181818,0.435126582278481,0.0632,0.0275,448.29999999999995,8,13.1332661044931,8,1.5513435037626793,0.5
E5,Betula nana,BETNAN,1,4,15,46.650000000000006,8.928229665071772,0.4494623655913978,0.0465,0.0209,186.60000000000002,5,20.4893142881845,5,NA,0
E5,Vaccinium vitis-idaea,VACVIT,4,8,5.025,62.025,5.370129870129871,0.4894067796610169,0.1888,0.0924,496.2,9,22.540629982322997,9,0.28722813232690164,0.5
E24,Betula nana,BETNAN,2,4,6,78.675,10.118971061093246,0.4355742296918767,0.0714,0.0311,314.7,4,6.43292313027289,4,1.4142135623730951,0
E24,Vaccinium vitis-idaea,VACVIT,4,8,2.475,18.6625,6.195020746887968,0.4716242661448141,0.0511,0.0241,149.3,8,3.86150877248777,8,0.5795112883571237,0
E25,Betula nana,BETNAN,3,6,11.5,71.16666666666666,10.239808153477217,0.475484606613455,0.0877,0.0417,426.99999999999994,6,23.876068911499402,6,1.5,0.3333333333333333
E25,Vaccinium vitis-idaea,VACVIT,3,6,4.275,52.916666666666664,6.887201735357917,0.44284341978866476,0.1041,0.0461,317.5,6,4.15086336400834,6,1.1954775893619531,0
E25,Vaccinium myrtillus,VACMYR,4,8,3.075,33.4125,13.568527918781726,0.45920745920745915,0.0429,0.0197,267.3,8,7.92382258040362,8,0.2753785273643052,0
E7,Betula nana,BETNAN,3,6,25,94.5,10.903846153846155,0.4373423044575273,0.1189,0.052,567,6,31.043711118357,6,1,0
E7,Vaccinium uliginosum,VACULI,4,8,10.9,76.0125,14.07638888888889,0.41025641025641024,0.1053,0.0432,608.1,8,20.3968090991844,8,3.080043289739069,0.75
E7,Vaccinium myrtillus,VACMYR,4,8,8.3,45.475,17.574879227053138,0.43670886075949367,0.0474,0.0207,363.8,8,10.364327557265101,8,1.7568911937472584,0
E7,Vaccinium vitis-idaea,VACVIT,4,8,5.75,46.7875,7.797916666666666,0.41848299912816045,0.1147,0.048,374.3,8,14.031437916336301,8,0.6454972243679027,0.25
E8,Solidago virgaurea,SOLVIR,4,4,6.85,273.825,26.71463414634146,0.25593008739076156,0.1602,0.041,1095.3,4,119.57026874046399,4,2.0174241001832014,0
E8,Vaccinium myrtillus,VACMYR,4,8,9.7,65.4875,20.625984251968504,0.4150326797385621,0.0612,0.0254,523.9,8,29.3204188968322,8,1.4445299120013633,0.25
E8,Vaccinium uliginosum,VACULI,4,8,10.275,63.800000000000004,14.5,0.4205495818399045,0.0837,0.0352,510.40000000000003,8,15.429841217588699,8,1.5063753405664426,0.75
E8,Vaccinium vitis-idaea,VACVIT,4,8,4.05,50.9,6.59967585089141,0.4724349157733538,0.1306,0.0617,407.2,8,17.0578008966154,8,1.063014581273465,0
E8,Betula nana,BETNAN,3,6,21.333333333333332,79.03333333333333,11.565853658536586,0.42575285565939774,0.0963,0.041,474.2,6,24.3179494749592,6,6.658328118479393,0.3333333333333333
E6,Vaccinium uliginosum,VACULI,4,8,8.4,56.137499999999996,14.628664495114004,0.4109772423025435,0.0747,0.0307,449.09999999999997,8,7.80218604897738,8,1.0708252269472673,1
E6,Solidago virgaurea,SOLVIR,3,3,5.733333333333333,302,26.109510086455334,0.23783413296778616,0.1459,0.0347,906,3,161.114090010775,3,2.223360819420306,0
E6,Betula nana,BETNAN,3,6,23.333333333333332,68.23333333333333,10.661458333333336,0.4187568157033805,0.0917,0.0384,409.40000000000003,6,20.806986006307298,6,7.023769168568493,0.3333333333333333
E6,Vaccinium myrtillus,VACMYR,4,8,6,44.837500000000006,19.601092896174865,0.4305882352941176,0.0425,0.0183,358.70000000000005,8,10.245408379227399,8,0.8326663997864531,0.25
E6,Vaccinium vitis-idaea,VACVIT,4,8,3.8,35.05,8.654320987654321,0.4096080910240202,0.0791,0.0324,280.4,8,12.0421877461816,8,1.0424330514074593,0.5
E9,Solidago virgaurea,SOLVIR,3,3,4.925,227.89999999999998,21.983922829581992,0.26445578231292516,0.1176,0.0311,683.6999999999999,3,106.30014110997199,3,0.6701989754294365,0
E9,Vaccinium vitis-idaea,VACVIT,4,8,3.7,50.824999999999996,5.509485094850948,0.5016995241332427,0.1471,0.0738,406.59999999999997,8,11.3464594855463,8,0.7348469228349535,0.25
E9,Vaccinium myrtillus,VACMYR,4,8,6.55,35.675000000000004,17.40243902439024,0.4555555555555556,0.036,0.0164,285.40000000000003,8,5.98969352900702,8,1.2871156384205213,0
E9,Betula nana,BETNAN,4,4,20.875,197.55,10.635262449528936,0.4053464266230224,0.1833,0.0743,790.2,8,14.2987262169947,8,12.168093523637957,0.5
E13,Vaccinium myrtillus,VACMYR,4,7,6.9,56.39999999999999,17.469026548672566,0.43629343629343625,0.0518,0.0226,394.8,7,21.1898560636924,7,0.6976149845485449,0.25
E13,Vaccinium vitis-idaea,VACVIT,4,8,3.95,47.5625,6.0205696202531644,0.4613138686131387,0.137,0.0632,380.5,8,8.8638813652453,8,0.7852812659593166,0.5
E13,Betula nana,BETNAN,2,4,13,97.15,10.824512534818941,0.4208675263774912,0.0853,0.0359,388.6,4,10.951560010640799,4,0,0
E15,Vaccinium vitis-idaea,VACVIT,4,8,5.1,57.2125,6.03030303030303,0.4515169541939322,0.1681,0.0759,457.7,8,13.372513119935899,8,1.7944358444926363,0
E15,Betula nana,BETNAN,4,8,13.5,63.324999999999996,10.894623655913978,0.45454545454545453,0.1023,0.0465,506.59999999999997,8,6.649973147099381,8,2.3804761428476167,0.5
E11,Betula nana,BETNAN,3,6,21.166666666666668,69.85,11.77247191011236,0.40732265446224253,0.0874,0.0356,419.09999999999997,6,14.0021069843078,6,10.866615541802025,0.3333333333333333
E11,Vaccinium vitis-idaea,VACVIT,4,8,3,34.599999999999994,7.797183098591549,0.4361179361179361,0.0814,0.0355,276.79999999999995,8,4.8255273583013,8,0.8205689083394112,0
E11,Vaccinium myrtillus,VACMYR,4,8,9.7,76.225,14.946078431372547,0.437299035369775,0.0933,0.0408,609.8,8,18.566463622041,8,1.5033296378372911,0.25
E12,Betula nana,BETNAN,3,6,24,101.48333333333335,11.11131386861314,0.4074349442379182,0.1345,0.0548,608.9000000000001,6,26.9750563793047,6,11,0.6666666666666666
E12,Vaccinium myrtillus,VACMYR,4,8,6.425,51.87500000000001,17.735042735042736,0.3972835314091681,0.0589,0.0234,415.00000000000006,8,9.20477360627936,8,1.5326991442115008,0.25
E12,Vaccinium vitis-idaea,VACVIT,4,8,4.775,59.7125,6.179818887451488,0.46039309112567,0.1679,0.0773,477.7,8,16.117642285928298,8,0.46457866215887844,0
E14,Betula nana,BETNAN,1,4,7,44.474999999999994,10.652694610778443,0.4638888888888889,0.036,0.0167,177.89999999999998,4,6.2023517045284295,4,NA,0
E14,Vaccinium vitis-idaea,VACVIT,4,8,3.55,37.2,6.841379310344829,0.44845360824742264,0.097,0.0435,297.6,8,12.444275792508,8,0.4509249752822895,0.5
E10,Solidago virgaurea,SOLVIR,3,3,4.75,229.33333333333334,22.483660130718953,0.2586644125105663,0.1183,0.0306,688,3,38.769747656302,3,2.4569628948493847,0
E10,Vaccinium myrtillus,VACMYR,4,8,5.15,37.987500000000004,17.267045454545453,0.4536082474226804,0.0388,0.0176,303.90000000000003,8,6.41770708942955,8,0.9746794344808962,0
E10,Vaccinium vitis-idaea,VACVIT,4,8,2.9,38.1875,6.431578947368422,0.4567307692307693,0.104,0.0475,305.5,8,7.35943272270357,8,0.18257418583505536,NA
E4,Solidago virgaurea,SOLVIR,4,4,6.375,256.475,29.479885057471268,0.2236503856041131,0.1556,0.0348,1025.9,4,101.625042025412,4,0.8655441448399189,0
E4,Vaccinium myrtillus,VACMYR,4,8,8.825,71.6125,17.682098765432098,0.422976501305483,0.0766,0.0324,572.9,8,33.704490480816204,8,2.6043233286210836,0.25
E4,Vaccinium vitis-idaea,VACVIT,4,8,3.95,36.1375,6.80235294117647,0.4738015607580825,0.0897,0.0425,289.1,8,12.1804219373316,8,1.502220578565833,0.5
E4,Vaccinium uliginosum,VACULI,4,8,10.05,85.46249999999999,13.458661417322835,0.42018196856906537,0.1209,0.0508,683.6999999999999,8,12.2033879956112,8,1.5631165450257807,0.25
E4,Betula nana,BETNAN,4,8,24.625,76.58749999999999,10.786971830985914,0.4339190221543163,0.1309,0.0568,612.6999999999999,8,5.08623843607154,8,5.8505697728227,0
E2,Solidago virgaurea,SOLVIR,4,4,6.525,308.275,23.04859813084112,0.2582046332046332,0.2072,0.0535,1233.1,4,227.78983552096102,4,3.520771695712935,0
E2,Betula nana,BETNAN,3,6,33,103.68333333333332,10.248764415156508,0.4186206896551724,0.145,0.0607,622.1,6,38.1614159415851,6,6.928203230275509,0.3333333333333333
E2,Vaccinium myrtillus,VACMYR,4,8,10.475,61.45,16.332225913621265,0.4356005788712012,0.0691,0.0301,491.6,8,5.93079132277352,8,2.151549828999242,0.5
E2,Vaccinium vitis-idaea,VACVIT,4,8,3.55,36.375,6.830985915492958,0.4551282051282051,0.0936,0.0426,291,8,11.112637593556,8,0.8266397845091495,0
F24,Betula nana,BETNAN,4,8,38.75,98.7625,10.247730220492866,0.4213114754098361,0.183,0.0771,790.1,8,12.4626226888931,8,14.614490525958589,0.25
F24,Vaccinium myrtillus,VACMYR,4,8,11.025,124.85,18.599627560521416,0.4121258633921719,0.1303,0.0537,998.8,8,36.8347274030519,8,2.6600438592875366,0.25
F24,Vaccinium vitis-idaea,VACVIT,4,8,7.675,99.6375,6.311163895486937,0.5070252910477719,0.2491,0.1263,797.1,8,42.7573531687826,8,2.88371866404012,0
F24,Vaccinium uliginosum,VACULI,4,8,10.725,69.425,12.738532110091743,0.39350180505415167,0.1108,0.0436,555.4,8,14.4510750959426,8,2.251480994071828,0.5
F21,Solidago virgaurea,SOLVIR,4,4,9.05,667.725,31.570921985815602,0.22357293868921774,0.3784,0.0846,2670.9,4,265.025110445532,4,2.713546265191241,0
F21,Vaccinium vitis-idaea,VACVIT,4,8,5.925,100.42500000000001,6.180000000000001,0.4818383988139363,0.2698,0.13,803.4000000000001,8,25.5428351709717,8,1.2230426539304886,0
F21,Vaccinium myrtillus,VACMYR,4,8,12.2,95.25,19.89556135770235,0.4057203389830509,0.0944,0.0383,762,8,25.048581368441404,8,3.0735430152621364,0.75
F21,Betula nana,BETNAN,4,8,36.25,79.475,13.00204498977505,0.44862385321100917,0.109,0.0489,635.8,8,14.093843640803899,8,3.304037933599835,0
F22,Solidago virgaurea,SOLVIR,4,4,5.3,221.675,23.900269541778975,0.23392181588902902,0.1586,0.0371,886.7,4,69.6006884544495,4,1.6370705543744897,0
F22,Vaccinium myrtillus,VACMYR,4,8,6.625,52.737500000000004,16.94377510040161,0.39274447949526814,0.0634,0.0249,421.90000000000003,8,16.232237544906898,8,1.54137384606504,0
F22,Betula nana,BETNAN,4,4,17,73.375,12.178423236514522,0.3795275590551181,0.0635,0.0241,293.5,4,11.0759123025299,4,NA,0
F22,Vaccinium vitis-idaea,VACVIT,4,8,4.325,45.824999999999996,6.059504132231405,0.511844331641286,0.1182,0.0605,366.59999999999997,8,22.9427704143531,8,1.475070619778366,0
F23,Solidago virgaurea,SOLVIR,4,4,6.275,291.425,23.454728370221325,0.24315068493150685,0.2044,0.0497,1165.7,4,262.052111547812,4,4.250784241368487,0
F23,Bistorta vivipara,BISVIV,4,4,5.4,328.325,17.348745046235138,0.2110987172336866,0.3586,0.0757,1313.3,4,40.767746646910304,4,0.8755950357709134,0
F23,Vaccinium myrtillus,VACMYR,4,8,7.2,34.125,17.278481012658226,0.4103896103896104,0.0385,0.0158,273,8,7.6355839892665,8,2.6670833007863357,0.25
F23,Betula nana,BETNAN,3,6,11,71.1,15.02112676056338,0.3731931668856768,0.0761,0.0284,426.6,6,14.787562341373201,6,6.244997998398398,0
F25,Vaccinium uliginosum,VACULI,4,8,10.3,110.2625,12.765557163531115,0.4010446894950667,0.1723,0.0691,882.1,8,34.8550442137556,8,2.1023796041628637,0.75
F25,Vaccinium vitis-idaea,VACVIT,4,8,3.975,45.300000000000004,6.05008347245409,0.45795107033639143,0.1308,0.0599,362.40000000000003,8,17.323641979346398,8,1.5107944929738129,0
F25,Betula nana,BETNAN,2,4,27,66.5,10.597609561752988,0.4450354609929078,0.0564,0.0251,266,4,8.180871999161619,4,9.899494936611665,0
F25,Vaccinium myrtillus,VACMYR,4,8,5.975,40.637499999999996,16.50253807106599,0.4339207048458149,0.0454,0.0197,325.09999999999997,8,13.4314064256662,8,1.8892238265135943,0.25
F16,Bistorta vivipara,BISVIV,4,4,6.2,441.2,19.479028697571742,0.21099208197484862,0.4294,0.0906,1764.8,4,162.797399651632,4,0.7527726527090811,0.5
F16,Solidago virgaurea,SOLVIR,4,4,4.175,234.45,24.87533156498674,0.247537754432042,0.1523,0.0377,937.8,4,64.2449738630709,4,1.7173137938847014,0
F16,Betula nana,BETNAN,2,4,46.5,120.10000000000001,12.510416666666668,0.39425051334702255,0.0974,0.0384,480.40000000000003,4,15.975189096429098,4,4.949747468305833,0
F19,Solidago virgaurea,SOLVIR,4,4,2.875,148.15,26.1057268722467,0.25055187637969095,0.0906,0.0227,592.6,4,46.446133674756304,4,0.45,0
F19,Vaccinium myrtillus,VACMYR,4,8,6.925,56.862500000000004,17.0374531835206,0.4165366614664587,0.0641,0.0267,454.90000000000003,8,18.483578619180598,8,1.257974562540912,0.75
F19,Betula nana,BETNAN,4,4,19,50.824999999999996,12.47239263803681,0.4201030927835051,0.0388,0.0163,203.29999999999998,4,3.2014319712695296,4,NA,0
F19,Vaccinium vitis-idaea,VACVIT,4,8,4.5,54.03750000000001,6.193409742120345,0.46042216358839044,0.1516,0.0698,432.30000000000007,8,12.739358304090501,8,0.6582805886043835,0
F17,Bistorta vivipara,BISVIV,4,4,3.5,201.775,17.583877995642702,0.22767857142857145,0.2016,0.0459,807.1,4,57.600542532167196,4,0.6480740698407862,0.25
F15,Vaccinium myrtillus,VACMYR,4,8,8.6,61.625,16.37873754152824,0.4084124830393487,0.0737,0.0301,493,8,12.7964001634388,8,2.4124676163629637,0.25
F15,Betula nana,BETNAN,4,8,26.75,89.8625,12.14358108108108,0.4408041697691735,0.1343,0.0592,718.9,8,11.8390319946957,8,4.645786621588784,0
F15,Vaccinium vitis-idaea,VACVIT,4,7,4.7,73.52857142857144,4.93953934740883,0.48623425104993,0.2143,0.1042,514.7,7,24.385426951748197,7,1.7146428199482249,0
F6,Vaccinium uliginosum,VACULI,4,8,7.775,56.825,13.775757575757575,0.4209183673469388,0.0784,0.033,454.6,8,8.87271097241424,8,2.3796008068581584,0
F6,Vaccinium vitis-idaea,VACVIT,4,8,4.3,NA,NA,0.4585519412381952,0.0953,0.0437,NA,NA,NA,NA,0.5773502691896257,0
F6,Vaccinium myrtillus,VACMYR,4,8,9.125,52.87500000000001,15.608856088560888,0.4385113268608414,0.0618,0.0271,423.00000000000006,8,10.966930811698,8,1.9120233610846216,0.5
F6,Betula nana,BETNAN,3,6,17.333333333333332,98.26666666666667,12.465116279069766,0.4200710479573712,0.1126,0.0473,589.6,6,17.8164717794143,6,1.1547005383792515,0.3333333333333333
F18,Bistorta vivipara,BISVIV,4,4,5.5249999999999995,378.02500000000003,19.46074646074646,0.20490506329113928,0.3792,0.0777,1512.1000000000001,4,98.7053316695709,4,2.143789479714212,0.25
F18,Solidago virgaurea,SOLVIR,4,4,5.2,288.65,27.82168674698795,0.2411388727484021,0.1721,0.0415,1154.6,4,80.0179354894889,4,1.0677078252031311,0
F18,Vaccinium uliginosum,VACULI,4,8,6.6,96.2,15.578947368421051,0.37087087087087084,0.1332,0.0494,769.6,8,20.1236179649684,8,2.333809475228573,0
F18,Vaccinium myrtillus,VACMYR,4,8,7.65,67.80000000000001,18.080000000000002,0.4103967168262654,0.0731,0.03,542.4000000000001,8,19.2940405306924,8,2.4310491562286436,0.25
F18,Betula nana,BETNAN,4,4,26,146.775,14.863291139240507,0.37229029217719134,0.1061,0.0395,587.1,4,14.588208708862599,4,19.79898987322333,0
F11,Bistorta vivipara,BISVIV,4,4,3.35,233.07500000000002,17.42616822429907,0.21340247307538893,0.2507,0.0535,932.3000000000001,4,68.74970909029359,4,2.0074859899884734,0
F14,Solidago virgaurea,SOLVIR,4,4,6.75,379.625,25.65033783783784,0.23125,0.256,0.0592,1518.5,4,109.428100443472,4,1.7935068069752804,0
F14,Bistorta vivipara,BISVIV,4,4,4.575,186.625,19.696569920844325,0.18940529735132436,0.2001,0.0379,746.5,4,41.212164466332,4,2.185368008673444,0
F14,Vaccinium myrtillus,VACMYR,4,8,10.7,70.7,15.122994652406415,0.4034519956850054,0.0927,0.0374,565.6,8,25.5696248366243,8,2.68700576850888,1
F14,Betula nana,BETNAN,3,6,9.966666666666667,61.983333333333334,16.030172413793103,0.3574730354391371,0.0649,0.0232,371.9,6,13.2407577829468,6,1.8770544300401446,0
F14,Vaccinium vitis-idaea,VACVIT,4,8,4.325,51.6625,6.368258859784284,0.4173633440514469,0.1555,0.0649,413.3,8,15.431409295885501,8,1.364734406395618,0
F20,Betula nana,BETNAN,4,8,31.25,75.2875,10.243197278911564,0.448512585812357,0.1311,0.0588,602.3,8,14.027975874760301,8,7.804912982645397,0
F20,Vaccinium myrtillus,VACMYR,4,8,11.375,44.15,16.980769230769234,0.41106719367588934,0.0506,0.0208,353.2,8,11.7205558132466,8,1.759498034478394,0
F20,Vaccinium vitis-idaea,VACVIT,4,8,7.824999999999999,84.375,6.016042780748664,0.4905990380411019,0.2287,0.1122,675,8,31.1894556357937,8,1.9602295783912658,0.25
F13,Bistorta vivipara,BISVIV,4,4,4.825,378.47499999999997,17.501734104046243,0.2227659026525882,0.3883,0.0865,1513.8999999999999,4,222.30373178754,4,1.8607794065928396,0
F13,Solidago virgaurea,SOLVIR,4,4,8.025,431.125,25.06540697674419,0.22849551643972105,0.3011,0.0688,1724.5,4,156.525937680203,4,1.410378199869335,0
F13,Betula nana,BETNAN,4,8,9.45,106.31250000000001,12.964939024390244,0.3914081145584726,0.1676,0.0656,850.5000000000001,8,18.481684949469,8,1.725301905947671,0
F13,Vaccinium myrtillus,VACMYR,4,8,5.075,48.362500000000004,17.666666666666668,0.4116541353383459,0.0532,0.0219,386.90000000000003,8,16.4179290063376,8,2.295466546623293,0
F5,Solidago virgaurea,SOLVIR,3,3,3.7333333333333334,121.03333333333333,21.74251497005988,0.27740863787375414,0.0602,0.0167,363.09999999999997,3,19.2956817276129,3,0.5686240703077328,0
F5,Vaccinium myrtillus,VACMYR,4,8,5.55,51.0875,14.701438848920864,0.4564860426929392,0.0609,0.0278,408.7,8,7.484352725138339,8,1.6743157806499145,0.5
F3,Vaccinium vitis-idaea,VACVIT,4,8,7.675,76.53750000000001,7.682559598494355,0.44550027948574616,0.1789,0.0797,612.3000000000001,8,33.2130756307985,8,2.8253318389173336,0
F3,Solidago virgaurea,SOLVIR,2,2,8.3,490.95000000000005,24.42537313432836,0.27553118574366003,0.1459,0.0402,981.9000000000001,2,69.08433252192569,2,0.9899494936611668,0
F3,Vaccinium myrtillus,VACMYR,4,8,14.325,63.449999999999996,16.374193548387094,0.4447632711621234,0.0697,0.031,507.59999999999997,8,21.3583707243788,8,2.643703210775874,1
F3,Betula nana,BETNAN,3,6,28,108.46666666666667,11.357766143106458,0.4533227848101265,0.1264,0.0573,650.8,6,4.3237329550594,6,9,0
F4,Vaccinium vitis-idaea,VACVIT,4,8,5.25,55.925000000000004,6.589101620029456,0.48019801980198024,0.1414,0.0679,447.40000000000003,8,17.7331610267318,8,0.7047458170621993,0.5
F4,Vaccinium myrtillus,VACMYR,4,8,7.625,36.9,15.216494845360824,0.44393592677345534,0.0437,0.0194,295.2,8,10.9079263447668,8,1.0531698185319716,0.5
F2,Betula nana,BETNAN,4,8,21.75,56.9125,12.141333333333334,0.4310344827586207,0.087,0.0375,455.3,8,11.138278592314,8,6.849574196011505,0.5
F2,Vaccinium myrtillus,VACMYR,4,8,6.475,58.6875,15.096463022508042,0.44812680115273773,0.0694,0.0311,469.5,8,26.540397106513502,8,1.579820664927932,0.25
F2,Vaccinium vitis-idaea,VACVIT,4,8,3.975,55.0875,7.912028725314184,0.4338006230529595,0.1284,0.0557,440.7,8,23.5597379017679,8,1.0781929326423911,0
F1,Vaccinium myrtillus,VACMYR,4,8,6.675,56.925000000000004,17.38167938931298,0.43234323432343236,0.0606,0.0262,455.40000000000003,8,14.537021703223802,8,1.3889444433333775,0.5
F1,Vaccinium vitis-idaea,VACVIT,4,8,4.5,53.2,6.132564841498559,0.5028985507246376,0.138,0.0694,425.6,8,27.271963625672402,8,0.19999999999999973,0
F10,Solidago virgaurea,SOLVIR,4,5,5.575,303.03999999999996,21.251051893408132,0.27391471379177873,0.2603,0.0713,1515.1999999999998,5,96.7610097094899,5,0.741057802513857,0
F10,Vaccinium vitis-idaea,VACVIT,4,8,4.275,61.150000000000006,5.1386554621848735,0.4864588656106285,0.1957,0.0952,489.20000000000005,8,17.4359235078452,8,1.276388133236386,0.25
F10,Betula nana,BETNAN,1,4,19,99.25,12.84789644012945,0.4087301587301587,0.0756,0.0309,397,4,12.9955120458308,4,NA,0
F10,Vaccinium myrtillus,VACMYR,4,8,6.925000000000001,53.474999999999994,15.670329670329668,0.43196202531645567,0.0632,0.0273,427.79999999999995,8,15.6540957671056,8,1.0372238588334408,0.75
F9,Solidago virgaurea,SOLVIR,4,4,7,311.2,25.560574948665298,0.23435996150144367,0.2078,0.0487,1244.8,4,107.255489370008,4,2.9473151624260794,0
F9,Vaccinium vitis-idaea,VACVIT,4,8,5.275,78.075,5.75668202764977,0.4986213235294118,0.2176,0.1085,624.6,8,16.6963426277391,8,0.7274384280931734,0
F9,Vaccinium myrtillus,VACMYR,4,8,6.925,52.025,16.32156862745098,0.425,0.06,0.0255,416.2,8,13.6889684469962,8,0.8732124598286489,0.75
F7,Betula nana,BETNAN,4,8,22.75,107.7125,13.155725190839695,0.37949015063731173,0.1726,0.0655,861.7,8,16.6756826803925,8,5.678908345800274,0.25
F7,Vaccinium myrtillus,VACMYR,4,8,14.6,85.2375,16.550970873786408,0.4204081632653061,0.098,0.0412,681.9,8,38.0864031793875,8,2.046134567096374,1
F7,Vaccinium vitis-idaea,VACVIT,4,8,6.225,73.075,5.631984585741811,0.5161611138736947,0.2011,0.1038,584.6,8,25.242014295897302,8,1.7461863207191455,0.25
F12,Bistorta vivipara,BISVIV,4,4,5,213.525,16.649122807017545,0.2369515011547344,0.2165,0.0513,854.1,4,121.95560326064,4,2.559947916136837,0
F12,Solidago virgaurea,SOLVIR,4,4,7,367.85,29.021696252465482,0.2284812978819288,0.2219,0.0507,1471.4,4,97.32709454891439,4,1.5055453054181618,0
F12,Vaccinium myrtillus,VACMYR,4,8,9.975,62.55,16.79194630872483,0.4263233190271817,0.0699,0.0298,500.4,8,7.58061437389571,8,1.826426383223078,0.25
F8,Solidago virgaurea,SOLVIR,3,3,6.6,276.09999999999997,29.476868327402133,0.2200469851213782,0.1277,0.0281,828.3,3,52.1463325651958,3,1.5,0
F8,Betula nana,BETNAN,1,4,14,131.375,11.57488986784141,0.4017699115044248,0.113,0.0454,525.5,4,6.739621651101791,4,NA,0
F8,Vaccinium uliginosum,VACULI,4,8,8.3,68.30000000000001,13.728643216080403,0.39562624254473167,0.1006,0.0398,546.4000000000001,8,16.7616910159532,8,2.485960578931211,0.25
F8,Vaccinium myrtillus,VACMYR,4,8,8.825,69.0375,16.055232558139533,0.4226044226044226,0.0814,0.0344,552.3,8,29.3123054364545,8,3.370830758136635,1
F8,Vaccinium vitis-idaea,VACVIT,4,8,4.625,97.48750000000001,4.917402269861286,0.5474628926475664,0.2897,0.1586,779.9000000000001,8,42.956504164095996,8,1.0965856099730653,0
