plot,T1_mean,T1_absmax,T1_absmin,T1_meanmax,T1_meanmin,T3_mean,T3_absmax,T3_absmin,T3_meanmax,T3_meanmin,moist_sd,moist_cv,moist_mean,moist_absmax,moist_absmin,T1_TDD,T1_GDD3,T1_GDD5,T1_FDD,T3_TDD,T3_GDD3,T3_GDD5,T3_FDD,T1_mean_7,T1_mean_8,T1_mean_9,T1_absmax_7,T1_absmax_8,T1_absmax_9,T1_absmin_7,T1_absmin_8,T1_absmin_9,T1_meanmax_7,T1_meanmax_8,T1_meanmax_9,T1_meanmin_7,T1_meanmin_8,T1_meanmin_9,T3_mean_7,T3_mean_8,T3_mean_9,T3_absmax_7,T3_absmax_8,T3_absmax_9,T3_absmin_7,T3_absmin_8,T3_absmin_9,T3_meanmax_7,T3_meanmax_8,T3_meanmax_9,T3_meanmin_7,T3_meanmin_8,T3_meanmin_9,moist_sd_7,moist_sd_8,moist_sd_9,moist_cv_7,moist_cv_8,moist_cv_9,moist_mean_7,moist_mean_8,moist_mean_9,moist_absmax_7,moist_absmax_8,moist_absmax_9,moist_absmin_7,moist_absmin_8,moist_absmin_9
A1,7.04,11.75,3.12,7.73,6.45,7.61,30.75,-3.56,15.02,2.54,4.8,0.31,15.3,30.6,8.9,50693,50693,43516,0,55224,53394,49482,-447,8.7,8.29,4.71,11.75,11,7.12,6.56,5.88,3.12,9.59,9.06,5.19,8,7.64,4.26,10.35,9.48,3.97,30.75,28.88,17,1.62,-2.25,-3.56,19.53,17.46,9.74,5,3.61,-0.04,1.1,2.8,2.5,0.09,0.23,0.12,12,12.2,20.7,13.6,16.8,30.6,9.6,8.9,16.2
A10,7.84,13.25,3.62,8.66,7.12,8.1,31.69,-2.88,15.37,2.95,7.6,0.49,15.4,34.6,5.8,56468,56468,51211,0,58554,56794,52997,-277,9.65,9.11,5.42,13.25,12.25,7.94,7.38,6.69,3.62,10.82,10.06,5.88,8.63,8.26,4.98,11,10.02,4.3,31.69,28.38,15.88,1.94,-1.62,-2.88,20.11,18.16,9.56,5.39,4.12,0.25,0.9,5.5,3.3,0.12,0.45,0.14,7.7,12.2,23.4,9.1,21.9,34.6,5.8,5.8,17.6
A11,7.07,11.12,3.62,7.66,6.55,7.6,28.88,-3.38,13.96,2.72,8.6,0.52,16.4,38.4,7.2,50914,50914,44114,0,55096,53291,49517,-401,8.38,8.26,5.02,11.12,11,7.31,6.5,6,3.62,9.12,8.91,5.44,7.75,7.65,4.63,10.35,9.47,3.96,28.88,27.38,14.06,1.75,-2.25,-3.38,18.1,16.44,8.85,5.17,3.8,0.13,0.3,5.8,4.7,0.03,0.46,0.19,8,12.7,25.4,8.4,25.1,38.4,7.2,7.3,18.6
A12,7.59,13,3.38,8.42,6.89,7.94,29.94,-3.25,14.99,2.78,5.3,0.39,13.7,35.2,4.9,54630,54630,48245,0,57497,55824,52174,-373,9.29,8.93,5.13,13,12.38,7.81,6.94,6.31,3.38,10.33,9.92,5.68,8.43,8.11,4.65,10.63,9.85,4.28,29.94,27.5,16.19,2.12,-2,-3.25,18.89,17.52,9.98,5.23,3.87,0.19,2.1,3.6,3.5,0.19,0.34,0.18,10.6,10.4,19.2,13.9,17.3,35.2,6.7,4.9,13.8
A13,7.73,13.62,3.25,8.57,7.02,7.64,31.19,-3.88,14.33,2.54,6.7,0.4,16.6,36.9,7.1,55637,55637,49765,0,55455,53678,49927,-472,9.46,9.1,5.23,13.62,12.56,8,7.06,6.56,3.25,10.53,10.04,5.83,8.6,8.31,4.69,10.28,9.49,4.08,31.19,27.5,15.88,1.88,-2.38,-3.88,18.35,16.75,9.37,5.08,3.63,-0.12,0.8,4.8,3.4,0.08,0.34,0.14,9.3,14.1,23.4,11.9,25.8,36.9,7.1,7.7,18.5
A14,7.75,12.25,3.69,8.4,7.14,7.75,27.81,-3.38,13.92,2.67,5.3,0.33,15.9,41.7,7.7,55818,55818,51054,0,56192,54508,50767,-374,9.35,8.99,5.47,12.25,11.75,7.88,7.38,6.75,3.69,10.13,9.73,5.94,8.62,8.29,5.03,10.36,9.61,4.21,27.81,26.88,15.88,1.88,-2,-3.38,17.33,16.33,9.31,5.12,3.74,0.08,2.2,4.1,2.6,0.2,0.31,0.12,11.3,13.5,21.3,14.4,24.3,41.7,7.9,7.7,18.2
A15,7.75,12.62,3.75,8.51,7.08,7.86,31.62,-3.06,15.11,2.68,6.7,0.4,16.6,35.9,6.3,55757,55757,51264,0,56912,55133,51246,-365,9.2,8.96,5.56,12.62,11.88,8.12,7.25,6.62,3.75,10.2,9.88,6.03,8.36,8.16,5.15,10.44,9.8,4.22,31.62,29.06,16.12,1.69,-1.88,-3.06,18.84,18.06,9.72,5.11,3.82,0.02,1.4,4.6,2.5,0.15,0.34,0.11,9.8,13.6,23.9,11.7,20.6,35.9,6.5,6.3,19
A16,8.05,14.12,3,8.89,7.29,7.8,30.81,-3.06,14.32,3.11,8.6,0.67,12.7,35.9,1.2,57983,57983,51837,0,56427,54567,50696,-247,10.12,9.62,5.15,14.12,13.25,7.88,7.12,6.62,3,11.17,10.58,5.72,9.18,8.76,4.59,10.48,9.67,4.2,30.81,27.12,15.75,1.88,-1.88,-3.06,18.44,16.77,9.25,5.53,4.19,0.53,1.1,6,4.7,0.3,0.62,0.22,3.5,9.7,21.4,5.6,27.8,35.9,1.2,1.7,14.6
A17,7.58,13,3.12,8.4,6.73,7.81,30.12,-2.94,14.05,2.99,8.9,0.46,19.3,44.4,6.4,54587,54587,48143,0,56527,54703,50835,-275,9.38,8.95,5.04,13,12.62,7.94,6.81,6,3.12,10.41,9.86,5.63,8.3,7.98,4.45,10.68,9.66,4.13,30.12,27,16.31,1.94,-1.75,-2.94,18.8,16.64,8.48,5.38,4.1,0.39,1.8,6.7,4.2,0.18,0.41,0.15,9.8,16.1,28.3,13.1,32.8,44.4,6.4,6.5,22.6
A18,7.95,15.69,2.81,9.24,6.94,7.78,30.88,-3.25,14.31,2.78,6.3,0.53,11.9,30.2,1.5,57258,57235,51558,0,56356,54596,50762,-359,9.93,9.4,5.22,15.69,14.81,8.25,7.12,6.31,2.81,11.75,10.88,6,8.6,8.26,4.53,10.51,9.65,4.16,30.88,27.75,14.38,2,-2.12,-3.25,18.79,16.84,8.95,5.26,3.86,0.17,1.7,5.5,3.6,0.32,0.53,0.21,5.3,10.4,17.4,9.3,28.2,30.2,2.3,1.5,11.4
A19,7.7,14.12,2.94,8.61,6.93,7.7,29.62,-3.44,14.42,2.85,5,0.59,8.5,27.4,1.2,55464,55461,49071,0,55753,53978,50200,-346,9.76,9.15,4.93,14.12,13,7.75,7.12,6.25,2.94,10.88,10.19,5.56,8.84,8.28,4.35,10.35,9.53,4.15,29.62,26.88,16.5,2,-2.06,-3.44,18.1,16.78,9.7,5.34,3.93,0.23,0.9,3.2,3.3,0.22,0.52,0.24,4,6.2,13.7,8.8,18.2,27.4,1.6,1.2,8.9
A2,7.88,14.12,2.94,8.81,7.14,7.77,33.19,-3.38,15.31,2.7,6.6,0.55,12,33.3,2.4,56722,56710,50435,0,56344,54494,50706,-403,9.97,9.29,5.12,14.12,12.75,8,7.31,6.5,2.94,11.27,10.35,5.71,9.03,8.47,4.59,10.69,9.73,3.94,33.19,31.38,15.12,1.62,-2,-3.38,20.6,18.09,9.21,5.11,3.86,0.04,1.9,4.6,4.9,0.33,0.47,0.27,5.7,9.7,18.2,8.8,31.6,33.3,2.4,2.5,12.7
A20,7.99,14.38,3.31,8.97,7.11,7.79,30.81,-3.25,14.45,2.73,8.8,0.51,17.1,36.9,5.1,57485,57485,51587,0,56409,54624,50800,-358,9.98,9.4,5.29,14.38,12.62,8.19,7.44,6.62,3.31,11.38,10.52,5.88,8.79,8.38,4.74,10.56,9.67,4.11,30.81,27.25,14.5,1.88,-1.94,-3.25,19.05,16.97,9.03,5.22,3.84,0.09,0.9,6.9,3.3,0.13,0.48,0.13,7.4,14.2,25.9,9.2,25.7,36.9,5.1,5.3,20.6
A21,8.43,14.12,3.88,9.24,7.75,7.88,28.12,-3.12,14.03,3.23,7.5,0.38,20,40.1,11,60669,60669,57394,0,56968,55232,51293,-221,10.16,9.9,5.81,14.12,13.38,8.44,7.75,7.25,3.88,11.2,10.81,6.38,9.35,9.14,5.31,10.48,9.71,4.38,28.12,25.31,17,2.12,-1.75,-3.12,17.86,16.28,9.35,5.67,4.3,0.64,0.4,6.4,3.8,0.04,0.36,0.14,11.9,17.9,27,12.8,31.8,40.1,11,11.2,20.6
A22,7.93,15.5,2.62,9.36,6.55,7.81,28,-2.88,13.42,3.13,4.7,0.35,13.4,27,5,57105,56847,50969,0,56442,54668,50978,-237,9.72,9.61,5.05,15.5,14.25,8.88,6.38,5.12,2.62,11.64,11.18,6.04,7.97,8.05,4.07,10.56,9.66,4.18,28,23.81,15.25,2,-1.62,-2.88,17.37,16.02,8.29,5.51,4.23,0.56,1.6,4.4,2.4,0.19,0.36,0.14,8.5,12.2,17.4,16.7,26.1,27,5,5.5,14.3
A23,7.69,12.5,3.38,8.39,6.97,7.78,30.38,-3.25,14.55,2.69,4.7,0.24,19.5,35,11.2,55323,55323,49041,0,56389,54657,50816,-377,9.53,9.04,5.13,12.5,12.12,7.75,7.25,6.25,3.38,10.42,9.83,5.65,8.65,8.23,4.62,10.6,9.68,4.07,30.38,28.5,15.5,1.94,-2.06,-3.25,18.86,17.28,9.07,5.16,3.78,0.08,1.7,3.6,2.3,0.12,0.2,0.1,14.5,18,24.1,20.7,27.8,35,11.2,11.4,21.4
A24,7.76,14.5,3,8.99,6.74,7.69,29.62,-3.12,13.93,2.85,7,0.54,13.1,32.1,3.3,55865,55865,50914,0,55641,53822,49912,-316,9.29,9.11,5.39,14.5,13.25,8.38,6.62,5.88,3,10.89,10.53,6.2,7.97,7.94,4.71,10.33,9.57,4.09,29.62,25.06,15.06,1.75,-2.06,-3.12,17.78,16.38,9,5.27,3.91,0.28,0.4,4.3,3.8,0.08,0.4,0.19,4.8,10.9,20.3,8,21.4,32.1,3.3,4.2,14.3
A25,7.33,13.12,2.88,8.45,6.29,7.55,27.5,-3.38,13.37,2.72,4,0.31,13.2,25.8,7.4,52749,52709,46180,0,54718,52916,49060,-362,8.99,8.64,4.92,13.12,12.62,8,6.25,5.12,2.88,10.36,9.92,5.73,7.74,7.49,4.13,10.22,9.41,3.96,27.5,25.88,13.88,1.75,-2.12,-3.38,17.11,16.01,8.31,5.16,3.82,0.12,0.8,2.8,1.4,0.08,0.25,0.08,9.2,11.2,17.5,10.7,16.3,25.8,7.6,7.4,14.5
A3,8.16,15.19,3.75,9.24,7.3,7.97,32.88,-3,15.49,2.9,7.4,0.63,11.7,29,2.2,58763,58763,55202,0,57726,55928,52222,-327,9.87,9.48,5.72,15.19,13.38,8.62,7.25,6.62,3.75,11.45,10.68,6.39,8.69,8.5,5.17,10.79,9.89,4.25,32.88,28.81,16.94,1.88,-1.88,-3,20.18,17.94,10.09,5.34,4.04,0.25,0.6,5.7,3.2,0.15,0.62,0.17,3.7,9.1,19.2,5,21.1,29,2.2,2.6,13.9
A4,7.84,12.75,3.75,8.5,7.23,7.88,28.44,-2.88,14.29,2.97,8.5,0.44,19.5,37.8,8.6,56445,56445,51672,0,56978,55147,51320,-269,9.34,9.19,5.49,12.75,12.06,7.88,7.12,6.75,3.75,10.21,9.94,5.92,8.56,8.47,5.1,10.53,9.8,4.23,28.44,26.62,14.88,1.81,-1.62,-2.88,18.04,16.85,9.3,5.35,4.11,0.34,0.7,6.8,2.9,0.07,0.42,0.1,10.5,16.3,28.2,12.1,26.1,37.8,8.7,8.6,23.9
A5,7.85,14.31,3.38,8.78,7.09,7.95,32.06,-3.25,15.28,2.9,8.9,0.47,19.2,39.4,7.6,56494,56494,50755,0,57524,55732,51958,-314,9.61,9.23,5.32,14.31,12.88,8.25,7.12,6.62,3.38,10.86,10.32,5.9,8.64,8.35,4.81,10.62,9.88,4.28,32.06,28.12,16.31,1.88,-1.81,-3.25,19.38,18.15,9.76,5.38,4.03,0.22,0.7,6.7,4.5,0.07,0.43,0.16,9.8,15.9,28.2,10.9,26.7,39.4,8,7.6,21.2
A6,7.73,14.44,3.38,8.8,6.94,7.61,30.88,-3.5,14.73,2.62,5.7,0.39,14.7,33.9,8.1,55639,55639,49834,0,55189,53379,49449,-418,9.45,9.09,5.24,14.44,13.12,8.25,6.81,6.25,3.38,10.93,10.35,5.86,8.43,8.18,4.71,10.29,9.5,3.99,30.88,28.56,16.12,1.62,-2.31,-3.5,18.67,17.48,9.45,5.08,3.69,0.01,0.9,2.8,4.3,0.09,0.24,0.21,10.1,11.7,20.7,12,18.5,33.9,8.2,8.1,14.5
A7,8.12,12.94,3.75,8.99,7.41,7.89,30.62,-3.31,15.31,2.69,3.3,0.2,16.6,30.8,11.3,58427,58427,55214,0,57154,55424,51684,-383,9.52,9.47,5.82,12.94,12.25,8.62,7.38,7,3.75,10.62,10.49,6.4,8.69,8.65,5.3,10.57,9.79,4.25,30.62,26.75,17,1.88,-2,-3.31,19.22,18.04,10.04,5.15,3.77,0.1,1.4,2.2,2.5,0.1,0.15,0.13,14.1,15,19.7,16.8,23.7,30.8,11.6,11.3,15.9
A8,7.98,12.88,3.88,8.67,7.38,7.66,30.19,-3.56,14.15,2.63,5.5,0.41,13.2,31.5,4.7,57469,57469,53848,0,55565,53842,49980,-414,9.58,9.24,5.68,12.88,12.12,8.25,7.5,7.12,3.88,10.48,10.02,6.15,8.81,8.56,5.26,10.25,9.49,4.15,30.19,26.88,17,1.88,-2.19,-3.56,18,16.48,9.36,5.14,3.7,0.02,1.2,4.3,2.2,0.16,0.38,0.12,7.3,11.3,18.8,12.1,22.2,31.5,4.8,4.7,16.1
A9,7.84,12.75,3.69,8.64,7.1,8.02,31.5,-3.25,15.54,2.73,6,0.36,16.6,40.7,8.7,56468,56468,52101,0,58068,56358,52568,-361,9.51,9.06,5.55,12.75,11.75,8,7.38,6.62,3.69,10.53,9.96,6.1,8.57,8.21,5.04,10.91,9.91,4.27,31.5,27.12,16.25,1.94,-2,-3.25,20.27,18.13,9.98,5.19,3.82,0.11,1.4,4.4,4.4,0.12,0.31,0.2,11.5,14,22.3,13.6,24.5,40.7,8.7,9,16.3
B1,8.12,13.44,3.75,8.99,7.27,8,27.25,-2.06,14.05,3.37,5.3,0.58,9.1,28.2,1.5,58430,58430,55101,0,57742,55964,52323,-160,9.89,9.4,5.69,13.44,13.12,8.44,7.38,6.25,3.75,11.04,10.39,6.26,8.78,8.43,5.13,10.78,9.91,4.3,27.25,26.12,14.19,2.12,-1.12,-2.06,18.73,16.73,8.4,5.61,4.62,0.72,1.4,3.6,2.7,0.33,0.55,0.18,4.3,6.6,14.7,6.8,17.9,28.2,1.5,1.7,10.5
B10,8.34,15.62,3.81,9.57,7.42,8.13,34.5,-2.69,16.09,3.17,6.3,0.34,18.9,40.2,9.9,60044,60044,56658,0,58754,56980,53231,-226,10.12,9.69,5.83,15.62,14.62,9,7.38,6.81,3.81,11.8,11.15,6.54,8.93,8.61,5.25,10.8,10.08,4.45,34.5,29.12,16.38,2.12,-1.5,-2.69,20.65,19.22,10.01,5.56,4.32,0.52,2.2,4.9,4.2,0.16,0.31,0.17,13.8,16.1,25,19.3,31,40.2,10.3,9.9,18.7
B11,8.94,19.62,3.38,10.95,7.6,8.19,35.12,-2.88,16.65,3.05,4.1,0.33,12.3,21.9,6.1,64349,64349,60442,0,59197,57354,53534,-242,11.21,10.53,5.88,19.62,17.5,10.38,7.75,6.69,3.38,14.08,12.88,7.03,9.45,8.99,5,11.09,10.14,4.37,35.12,28.06,18.94,1.88,-1.56,-2.88,21.89,19.7,10.26,5.44,4.19,0.42,1,4.1,2,0.12,0.38,0.12,8.6,10.9,15.8,11.2,19.4,21.9,6.5,6.1,10.8
B12,7.88,16.25,3.69,9.24,6.83,8.13,31.38,-2.88,15.62,3.17,5.5,0.63,8.8,31.1,2.3,56738,56738,53234,0,58762,57001,53320,-237,9.36,9.12,5.67,16.25,13.81,8.19,6.62,5.38,3.69,11.32,10.69,6.45,7.92,7.91,5,10.84,10.01,4.5,31.38,27.69,17.81,2.12,-1.62,-2.88,19.64,18.36,10.3,5.64,4.29,0.54,0.4,3.4,4.3,0.1,0.52,0.3,3.7,6.6,14.3,5.3,13.5,31.1,2.3,2.4,9.1
B13,7.93,15,3.25,9,6.9,7.82,31.75,-2.62,14.3,3.15,5.4,0.31,17.6,35.5,9,57114,57114,51469,0,56493,54675,50975,-229,9.93,9.34,5.24,15,14,8.62,7,5.5,3.25,11.32,10.55,5.96,8.57,8.09,4.62,10.56,9.7,4.16,31.75,27.75,14.62,1.88,-1.38,-2.62,18.86,17.03,8.68,5.44,4.37,0.49,1.7,4.2,3.5,0.14,0.27,0.15,12.6,15.5,22.7,16,27.4,35.5,9.5,9,17.7
B14,8.5,15.25,3.56,9.6,7.49,7.89,28.62,-3,14.63,2.97,5.6,0.39,14.4,31.9,5,61188,61188,57148,0,57067,55317,51597,-293,10.78,9.91,5.64,15.25,14.12,8.62,8,6.75,3.56,12.21,11.19,6.34,9.45,8.74,4.99,10.64,9.75,4.25,28.62,27.31,16,2,-1.62,-3,18.29,17.23,9.66,5.4,4.17,0.26,3.2,5,2.6,0.3,0.44,0.13,10.8,11.5,19.7,15.9,26.2,31.9,6.2,5,15.7
B15,8.46,15,3.69,9.39,7.69,7.77,30.62,-3.12,14.73,2.83,6.4,0.35,18.4,39.2,8.5,60912,60912,56516,0,56257,54452,50629,-342,10.8,9.82,5.62,15,13.25,8.69,8.5,6.88,3.69,12.02,10.9,6.23,9.84,8.91,5.1,10.57,9.63,4.1,30.62,28.19,16.38,1.88,-1.88,-3.12,19.16,17.22,9.45,5.26,4.03,0.12,2.4,4.9,4.2,0.16,0.34,0.17,14.7,14.6,24.6,17.4,21.8,39.2,10.3,8.5,19.2
B16,8.26,14.88,3.38,9.27,7.39,8.03,33.19,-3.19,16.32,2.79,8.4,0.39,21.9,39.7,10.3,59450,59450,53988,0,58171,56402,52780,-357,10.43,9.73,5.38,14.88,13.25,8.38,7.62,6.69,3.38,11.86,10.9,5.99,9.26,8.74,4.82,10.99,10.05,4.11,33.19,29.5,15.75,1.88,-1.88,-3.19,21.46,19.61,9.74,5.17,3.98,0.11,1.3,7.3,3.1,0.1,0.38,0.1,13.2,19,30.2,15,32.5,39.7,10.6,10.3,25.3
B17,8.7,18,3.38,10.22,7.54,8.16,35.38,-4.31,16.32,2.67,9.3,0.57,16.2,40.7,5.3,62610,62610,58269,0,59205,57444,53817,-445,10.89,10.31,5.66,18,16.38,9.12,7.5,6.62,3.38,12.96,12.16,6.5,9.38,8.93,4.94,11.12,10.15,4.28,35.38,29.06,16.31,2,-2.38,-4.31,21.48,19.39,9.98,5.28,3.76,-0.01,0.4,7.8,6,0.06,0.57,0.25,6.5,13.8,24.3,8.1,34,40.7,5.3,5.3,15.5
B18,8.38,17.12,3.38,10.07,7.08,8.09,34.25,-2.75,16.14,3.05,5,0.64,7.8,29.9,0.4,60304,60304,56673,0,58501,56633,52843,-242,10.22,9.77,5.78,17.12,15.31,9.12,7,5.81,3.38,12.62,11.75,6.76,8.46,8.27,4.96,10.92,10.04,4.33,34.25,29.81,17.75,1.81,-1.5,-2.75,21.25,18.99,10.05,5.42,4.23,0.4,0.8,3.3,2.7,0.32,0.56,0.21,2.5,5.9,13.1,7.1,18.9,29.9,0.4,0.9,7.8
B19,7.65,12.75,3.44,8.56,6.77,7.68,28.12,-2.75,14.08,2.95,4.9,0.56,8.7,26.9,1.6,55037,55037,49342,0,55548,53738,49953,-290,9.45,8.91,5.22,12.75,12.62,8,7.06,5.88,3.44,10.57,9.97,5.86,8.35,7.91,4.6,10.32,9.58,4.06,28.12,27.62,14.25,1.88,-1.62,-2.75,18.07,16.91,8.68,5.3,4.15,0.28,0.8,4.2,3.1,0.2,0.59,0.24,4.3,7.1,13.1,10.6,20.6,26.9,2.1,1.6,8.6
B2,8.1,15.12,3.62,9.14,7.31,7.77,28.5,-2.88,14.14,3.1,3.8,0.74,5.1,17.6,-0.6,58328,58328,53706,0,56218,54396,50548,-263,9.77,9.52,5.58,15.12,14.12,8.56,7.25,6.62,3.62,11.1,10.74,6.25,8.83,8.6,5.01,10.29,9.66,4.25,28.5,26.25,15.56,1.94,-1.69,-2.88,17.63,16.79,9.23,5.52,4.26,0.44,1,2.6,2.5,0.63,0.74,0.29,1.6,3.5,8.9,5.7,15.6,17.6,-0.6,-0.5,4.8
B20,7.96,12.62,3.5,8.66,7.31,7.61,27.69,-3.12,14.09,2.76,4.9,0.23,21.5,35.3,11,57285,57285,51384,0,55118,53403,49640,-354,9.99,9.35,5.26,12.62,12.44,7.88,7.88,6.5,3.5,10.83,10.17,5.77,9.24,8.6,4.77,10.16,9.47,4.09,27.69,26.5,14.19,1.88,-1.94,-3.12,17.47,16.95,8.99,5.12,3.93,0.11,2.7,4.5,1.8,0.15,0.24,0.07,18.4,18.7,26.2,21.3,28.2,35.3,12.9,11,23.5
B21,7.79,13.44,3.56,8.85,6.95,7.73,31.38,-3.06,14.88,2.79,5.5,0.49,11.3,27.2,3.7,56092,56092,51221,0,55995,54248,50553,-359,9.3,9.13,5.45,13.44,12.56,8.38,6.94,6.25,3.56,10.63,10.38,6.14,8.25,8.16,4.86,10.33,9.6,4.17,31.38,27.44,17,2,-1.75,-3.06,18.78,17.56,9.68,5.26,3.94,0.12,1.2,4,2.2,0.2,0.47,0.13,6.3,8.6,17.2,8.7,15.3,27.2,3.9,3.7,13.5
B22,8.08,12.5,3.88,8.7,7.56,7.72,29.94,-2.88,14.21,2.92,4.3,0.26,16.5,28.4,8.3,58133,58133,53674,0,55895,54113,50306,-309,9.79,9.41,5.62,12.5,12,8.25,7.75,7.06,3.88,10.63,10.11,6.03,9.14,8.82,5.25,10.43,9.56,4.14,29.94,25.88,16.25,1.94,-1.62,-2.88,18.34,16.51,9.31,5.32,4.09,0.26,1.8,3.9,1.6,0.14,0.26,0.08,12.5,15,20.5,15.2,26.6,28.4,9.2,8.3,18.3
B23,7.92,16.38,3.19,9.24,6.94,7.61,31,-3.12,14.74,2.79,7,0.61,11.5,35.2,2.3,56983,56983,51105,0,55123,53261,49444,-371,9.82,9.36,5.23,16.38,14.38,8,6.88,5.94,3.19,11.77,10.89,5.98,8.53,8.27,4.56,10.31,9.49,3.97,31,29.88,17,1.75,-1.88,-3.12,18.68,17.58,9.35,5.2,3.99,0.09,1.2,4.7,4.2,0.25,0.54,0.23,4.6,8.7,18.6,7.2,19,35.2,2.3,2.5,11.9
B24,8.37,13.88,4.19,9.27,7.59,7.96,32.88,-2.75,14.88,3.17,5.8,0.32,18.2,36.3,11.6,60265,60265,58271,0,57542,55701,52008,-219,9.99,9.64,6.05,13.88,13.25,8.56,7.69,6.88,4.19,11.17,10.66,6.64,9,8.75,5.49,10.7,9.89,4.26,32.88,30.12,14.44,2,-1.38,-2.75,19.56,17.57,9.23,5.54,4.35,0.51,0.8,4.2,4.2,0.06,0.27,0.18,13.2,15.7,23.9,14.5,22.8,36.3,11.8,11.6,18.5
B25,7.64,11.75,4,8.24,7.08,7.85,29.25,-2.88,14.83,2.97,5.1,0.28,17.9,36.8,11.1,55007,55007,52067,0,56804,54957,51254,-286,8.85,8.76,5.71,11.75,11.12,7.75,7,6.62,4,9.64,9.46,6.1,8.13,8.11,5.33,10.6,9.77,4.16,29.25,27,16,1.88,-1.56,-2.88,19.18,17.5,9.39,5.38,4.16,0.27,1.3,3.1,3.7,0.09,0.2,0.16,13.6,15.4,23.1,15.4,22,36.8,11.1,11.2,18.6
B3,8.15,14.44,3.62,9.07,7.34,7.97,30.88,-2.62,14.79,3.28,9,0.57,15.9,39.4,4.5,58702,58702,54383,0,57551,55708,51887,-183,9.83,9.58,5.62,14.44,12.88,8.19,7.19,6.62,3.62,11.01,10.65,6.21,8.81,8.64,5.07,10.56,9.86,4.4,30.88,27.75,15.94,2,-1.38,-2.62,18.56,17.61,9.52,5.62,4.4,0.7,0.7,7.8,3.9,0.11,0.58,0.16,6.1,13.4,24.5,7.2,32.3,39.4,4.5,4.6,17.9
B4,7.99,13.5,3.88,8.79,7.23,7.89,28.5,-2.81,13.98,3.17,5.9,0.37,15.9,31,6.2,57522,57522,53545,0,57049,55281,51368,-223,9.63,9.29,5.61,13.5,12.25,8.12,7.19,6.62,3.88,10.7,10.18,6.16,8.62,8.43,5.12,10.55,9.74,4.33,28.5,24.5,15.38,2.12,-1.62,-2.81,18.09,16.36,8.99,5.57,4.24,0.61,2.3,5,2.7,0.22,0.37,0.12,10.6,13.5,21.6,14.7,28.6,31,6.7,6.2,17.6
B5,8.4,16.62,3.5,9.69,7.34,7.94,30.88,-2.31,14.33,3.4,8,0.6,13.2,34.6,3,60434,60434,55869,0,57335,55507,51565,-144,10.5,9.9,5.53,16.62,15,8.38,7.38,6.5,3.5,12.3,11.46,6.23,9.07,8.66,4.9,10.62,9.83,4.33,30.88,27.69,15.62,2,-1.12,-2.31,18.7,16.87,9.02,5.67,4.57,0.8,1.2,5.3,4.8,0.21,0.56,0.22,6,9.4,21.6,8.2,18.4,34.6,3.3,3,14.6
B6,8.58,17.81,3.75,10.16,7.5,8.08,33.69,-3.38,16.25,2.86,6.3,0.92,6.9,29.9,-1.1,61783,61783,59171,0,58550,56739,53164,-355,10.45,10.01,5.94,17.81,16.31,8.94,7.38,6.44,3.75,12.79,11.88,6.76,8.97,8.78,5.25,10.94,10.03,4.29,33.69,30.38,17.75,1.94,-1.88,-3.38,20.91,19.27,10.24,5.33,4,0.18,0.6,4.2,4.3,0.97,0.94,0.33,0.6,4.4,13.3,2.7,14.7,29.9,-0.9,-1.1,6.3
B7,8.18,15.88,3.31,9.37,7.13,7.79,30.12,-2.56,14.03,3.13,6.2,0.48,13,35.2,2.7,58893,58893,53201,0,56344,54556,50687,-233,10.48,9.6,5.3,15.88,13.88,8.5,7.56,6.19,3.31,12.17,10.95,6.02,9.11,8.38,4.62,10.44,9.65,4.22,30.12,26.56,15.5,2,-1.56,-2.56,17.93,16.5,9.07,5.47,4.33,0.47,3.2,4,3.8,0.35,0.44,0.19,9.3,9.1,19.4,13.3,21.7,35.2,3.9,2.7,13.9
B8,8.52,15.44,3.56,9.51,7.67,8.1,34.12,-2.75,16.48,2.99,5.5,0.32,17.1,35.4,8.6,61315,61315,57060,0,58554,56683,52835,-274,10.63,9.98,5.69,15.44,14.12,8.62,7.88,7,3.56,11.87,11.13,6.38,9.58,9,5.1,11.03,10.04,4.26,34.12,28,18.94,1.88,-1.62,-2.75,21.71,19.32,10.33,5.39,4.19,0.28,1.3,4,3.7,0.11,0.26,0.17,11.3,15.4,22.3,15.2,26.6,35.4,8.6,8.7,16.6
B9,8.67,19.12,3.12,10.37,7.37,8.18,33.94,-2.56,16.11,3.28,4.1,0.44,9.3,31.8,3.6,62429,62429,58696,0,59059,57199,53418,-198,10.78,10.13,5.86,19.12,16.44,9.25,7.31,6.38,3.12,13.15,12.04,6.93,9.14,8.65,4.95,11.01,10.1,4.42,33.94,29,17.38,2.12,-1.5,-2.56,21.2,18.93,10.07,5.61,4.49,0.61,0.9,2.7,3.8,0.16,0.34,0.29,5.7,8,12.9,8.4,16.1,31.8,3.7,3.6,7.5
C1,7.74,14.75,2.75,9.01,6.61,7.87,30.62,-3,14.68,2.82,6.7,0.64,10.3,29.4,1.3,55682,55651,49173,0,56885,54989,51113,-242,9.84,9.14,4.97,14.75,14.62,8,6.88,5.69,2.75,11.54,10.7,5.69,8.35,7.77,4.32,10.74,9.8,4.09,30.62,29.12,17,1.44,-1.75,-3,19.11,17.39,9.15,5.07,3.91,0.33,1.1,4.9,2.5,0.32,0.64,0.14,3.3,7.7,17.3,6,18.5,29.4,1.6,1.3,12.1
C10,7.72,13.12,2.06,8.73,6.85,7.63,33.62,-3.38,16.01,2.37,5.1,0.83,6.1,20.8,-1.4,55578,55522,50269,0,55369,53418,49476,-436,9.41,9.07,5.26,13.12,12.62,7.88,6.75,6.12,2.06,10.82,10.19,5.92,8.3,8.1,4.64,10.57,9.61,3.76,33.62,31.75,17.88,1.25,-2.38,-3.38,20.61,18.98,10.1,4.69,3.57,-0.28,1.5,3.7,2.6,1.21,0.94,0.23,1.2,4,11.3,3.7,12.9,20.8,-1.4,-1.4,7.2
C11,8.09,12.75,3.69,8.58,7.64,7.56,32.56,-4.12,15.48,1.89,6.5,0.29,22.9,38.1,11,58241,58241,52736,0,55054,53204,49395,-635,10.53,9.26,5.4,12.75,11.88,8.12,8.69,6.88,3.69,11.17,9.85,5.71,9.94,8.72,5.13,10.74,9.42,3.69,32.56,31.25,14.75,1.31,-3.38,-4.12,20.82,18.74,8.83,4.31,2.86,-0.58,1.9,5.2,2.3,0.1,0.28,0.08,18.5,18.9,29.9,20.7,28.2,38.1,14.5,11,25
C12,8.07,13.44,3.5,8.92,7.35,7.81,35.38,-4.5,16.92,1.81,6.2,0.38,16.2,28.6,7.6,58076,58076,53936,0,56972,55146,51471,-725,9.92,9.36,5.57,13.44,12.88,7.94,7.62,6.94,3.5,11.14,10.4,6.01,8.92,8.51,5.17,11.15,9.85,3.65,35.12,35.38,17.88,1.12,-3.25,-4.5,22.65,20.25,9.95,4.14,2.85,-0.68,1,4.8,1.5,0.1,0.35,0.07,9.8,13.6,22.7,11.4,21.4,28.6,7.6,7.9,20.1
C13,8.18,15,3.5,9.07,7.42,7.89,32.75,-3.56,15.32,2.54,6.1,0.52,11.7,27.2,3.7,58875,58875,53608,0,57145,55273,51455,-371,10.18,9.65,5.41,15,13.88,8.31,7.62,7,3.5,11.42,10.69,5.92,9.15,8.74,4.97,10.89,9.91,3.93,32.75,31.12,16.25,1.5,-2.06,-3.56,20.13,18.27,9.3,4.87,3.61,0.01,0.9,4,3.2,0.15,0.45,0.17,5.8,8.9,18.3,7.4,20.1,27.2,3.7,3.8,12.1
C14,8.02,13.75,3.38,8.87,7.32,7.66,31.75,-4,15.73,2.18,7.6,0.47,16.3,35.5,6.5,57729,57729,51689,0,55681,53821,49986,-534,10.07,9.49,5.22,13.75,13.25,8,7.62,6.94,3.38,11.22,10.48,5.74,9.16,8.68,4.77,10.57,9.65,3.79,31.75,31.5,18.88,1.31,-2.88,-4,20.22,18.6,9.99,4.52,3.28,-0.36,1,5.4,3.2,0.12,0.42,0.13,8.6,13,24.3,10.6,22.3,35.5,6.6,6.5,18.6
C15,8.28,17.25,2.5,9.83,7.13,7.81,29.75,-2.81,14.8,3.12,6,0.34,17.6,28.3,10.2,59620,59483,53788,0,56398,54421,50437,-195,10.37,10.04,5.14,17.25,16.12,8.88,6.88,6.06,2.5,12.21,11.83,6.27,9.03,8.74,4.25,10.45,9.74,4.16,29.75,27.94,16.81,1.75,-1.5,-2.81,18.53,17.53,9.64,5.41,4.27,0.55,0.5,5.2,2.5,0.04,0.34,0.11,11.7,15.3,23.4,12.5,23.7,28.3,10.5,10.2,19.1
C16,8.72,13,4.38,9.25,8.25,7.5,28.12,-3.12,13.47,2.69,2.2,0.05,40.2,45.7,35,62799,62799,60511,0,54317,52475,48750,-314,11.15,9.98,5.94,13,12.75,8.69,9.12,7.38,4.38,11.77,10.57,6.35,10.63,9.44,5.57,10.2,9.3,3.98,28.12,26.25,15.12,2,-1.88,-3.12,17.38,15.98,8.46,5.14,3.71,0.17,1.3,1.6,1.3,0.03,0.04,0.03,42.5,38.4,40.9,44,42.6,45.7,39.9,35,38.2
C17,8.08,12.81,4.25,8.8,7.5,7.43,29.38,-3.12,13.89,2.68,6.3,0.49,12.9,29.5,5.4,58188,58188,56388,0,53819,51930,48036,-342,9.52,9.29,5.92,12.62,12.81,8,7.5,7.12,4.25,10.55,10.16,6.31,8.77,8.59,5.57,10.17,9.31,3.78,27.25,29.38,14.75,1.44,-1.81,-3.12,17.84,16.53,8.71,4.97,3.87,0.05,0.8,4.6,3.4,0.11,0.46,0.18,7.3,9.9,19.3,8.8,18,29.5,5.7,5.4,14.3
C18,7.8,12.25,3.62,8.51,7.17,7.38,27.62,-3.38,13.55,2.5,6.1,0.39,15.7,27.9,7.1,56157,56157,50080,0,53526,51619,47686,-379,9.58,9.16,5.27,12.25,12.19,7.94,7.31,6.25,3.62,10.49,9.99,5.74,8.82,8.42,4.84,10.2,9.25,3.71,27.62,26.38,14,1.38,-2.31,-3.38,17.83,16.23,8.13,4.81,3.61,-0.05,1.4,4.3,2.6,0.13,0.35,0.11,10.8,12.2,22.2,13.3,18.9,27.9,8.1,7.1,17
C19,7.68,11.69,3.88,8.27,7.18,7.63,31.94,-3.62,15.66,2.36,6,0.32,18.7,34.2,11.1,55298,55298,50052,0,55376,53465,49608,-442,8.99,9.06,5.41,11.69,11.5,7.88,7.12,7,3.88,9.79,9.76,5.75,8.33,8.46,5.12,10.6,9.66,3.69,31.94,31,14.25,1,-2.25,-3.62,21.09,19.01,8.86,4.53,3.52,-0.15,0.6,4.4,2.7,0.05,0.28,0.11,13.4,15.7,25.2,14.3,23.6,34.2,12,11.1,20.7
C2,8.12,16.25,2.38,9.4,7,7.81,30,-3.06,14.32,2.81,5,0.41,12,28.7,3.8,58459,57680,52324,0,56445,54532,50502,-249,10.9,9.82,4.65,16.25,14.38,8.19,7.5,6.12,2.38,12.52,11.31,5.51,9.5,8.52,3.9,10.64,9.71,4.08,30,27.75,16.12,1.62,-1.81,-3.06,18.69,16.92,8.94,5.13,3.83,0.35,1.8,4.2,2.2,0.23,0.43,0.13,7.9,9.7,17,10.6,19.7,28.7,4.5,3.8,14.4
C20,8.48,15.88,2.69,9.57,7.56,7.96,32.5,-3.12,15.65,2.76,6.9,0.37,18.8,36.5,8.2,61040,61006,55625,0,57604,55612,51761,-276,10.77,10.09,5.39,15.88,13.81,8.62,7.62,6.94,2.69,12.34,11.31,6.07,9.51,9.06,4.78,11.08,9.92,4.02,32.5,27.38,14.69,1.5,-1.75,-3.12,21.23,18.48,9.33,5.05,3.88,0.21,1.3,5.3,3,0.11,0.33,0.12,11.8,16,25.9,14,29.7,36.5,9.2,8.2,21.4
C21,9.11,15.25,4.38,9.84,8.55,7.44,29.06,-2.25,13.66,3.22,4.8,0.33,14.6,29.2,8.5,65597,65597,63708,0,53731,51634,47522,-172,11.44,10.57,6.17,15.25,14.38,9.12,9.12,7.75,4.38,12.35,11.4,6.68,10.73,9.92,5.78,10.04,9.32,3.87,29.06,25.81,14.75,1.62,-1.12,-2.25,17.94,16.2,8.42,5.37,4.52,0.54,0.6,3.9,3.6,0.06,0.31,0.19,10.7,12.5,19,12.9,27.3,29.2,9.7,8.5,14.2
C22,7.96,11.62,4.38,8.37,7.66,7.43,27,-2.12,13.05,3.28,3.4,0.21,16.1,30.2,11.5,57295,57295,55604,0,53594,51503,47386,-134,9.05,9.22,5.93,11.38,11.62,8.38,7.25,7.38,4.38,9.55,9.63,6.29,8.72,8.91,5.67,9.94,9.31,3.91,27,26.75,15.25,1.75,-1,-2.12,16.53,15.48,8.38,5.43,4.57,0.64,1.2,2.4,3.4,0.08,0.16,0.18,14.5,14.4,19,16.3,20.3,30.2,12.6,11.5,14.1
C23,8.03,12.25,3.38,8.63,7.44,7.45,26.25,-2.81,12.66,3.04,7.6,0.42,18,37,7.4,57836,57836,55894,0,53814,51835,47701,-176,9.3,9.31,5.9,12,12.25,8.25,7.25,6.88,3.38,10.02,10,6.32,8.61,8.59,5.5,10.02,9.3,3.94,25.38,26.25,14.69,1.5,-1.19,-2.81,16.18,14.95,8.12,5.19,4.25,0.47,1.6,5.2,5.2,0.12,0.38,0.2,12.8,13.8,25.7,14.5,26.6,37,9.8,7.4,16.9
C24,7.6,12.06,3.62,8.15,7.1,7.57,27.5,-2.38,13.19,3.03,5.5,0.25,22.4,38.7,14,54720,54720,48800,0,54664,52690,48750,-197,9.21,8.9,5.24,12.06,11.62,7.62,7.06,6.88,3.62,9.91,9.5,5.65,8.61,8.35,4.87,10.27,9.45,3.93,27.5,25.62,16.38,1.56,-1.38,-2.38,17.06,15.53,8.4,5.24,4.27,0.39,1.7,3.6,4.1,0.08,0.19,0.15,20.2,18.7,27.9,22.2,23.9,38.7,17,14,22.7
C25,7.68,15.12,2.12,8.83,6.65,7.64,26.62,-2.56,13.11,3.23,11.2,0.5,22.4,41.2,7.9,55303,54398,49029,0,55167,53190,49211,-151,9.96,9.45,4.42,15.12,14.44,7.88,6.5,5.88,2.12,11.29,10.79,5.24,8.69,8.29,3.67,10.3,9.53,4.03,26.62,25.62,13.94,1.75,-1.12,-2.56,16.68,15.57,8.36,5.45,4.4,0.67,1.2,10.2,2.1,0.11,0.55,0.06,10.8,18.6,33.4,12.3,33.5,41.2,8.1,7.9,30
C3,7.42,13,3.25,8.2,6.72,7.64,29.69,-3.56,14.53,2.68,5.9,0.57,10.2,29.2,2.8,53400,53400,46913,0,55339,53322,49236,-322,9.22,8.77,4.89,13,12.5,7.38,6.75,6.06,3.25,10.25,9.68,5.39,8.33,7.96,4.42,10.41,9.55,3.94,29.69,28.31,17.25,1.38,-2.12,-3.56,18.57,17.11,9.36,5.03,3.74,0.17,0.6,3.7,3.6,0.13,0.47,0.22,4.4,7.7,16.4,8,16.2,29.2,2.8,3,10.6
C4,7.43,13.94,2.94,8.5,6.44,7.79,30,-2.5,14.06,3.04,6.4,0.49,13.2,26.6,4.4,53465,53442,46912,0,56229,54267,50325,-180,9.36,8.76,4.85,13.94,12.94,7.75,6.62,5.44,2.94,10.8,9.99,5.52,8.07,7.64,4.19,10.54,9.66,4.14,30,27.81,15.12,1.62,-1.38,-2.5,18.32,16.64,8.76,5.26,4.15,0.55,1,4.4,2,0.15,0.44,0.1,7.1,10,20.4,8.7,17.5,26.6,4.6,4.4,15.3
C5,7.75,13.12,3.12,8.44,7.14,8,32.31,-2.75,15.4,2.95,8.8,0.44,20.1,38.9,9.1,55820,55820,49475,0,57841,55927,52160,-235,9.85,9.22,4.94,13.12,12.5,7.62,7.12,6.69,3.12,10.81,9.99,5.36,9,8.51,4.55,11.04,9.97,4.08,32.31,30,15.88,1.5,-1.38,-2.75,20.39,18.28,9.37,5.19,4.12,0.36,0.5,6.9,2.7,0.04,0.41,0.09,10.5,16.8,29.2,12.6,28.5,38.9,9.1,9.4,24.3
C6,8.29,15.75,3,9.44,7.25,7.9,31.5,-3,15.43,2.73,4.5,0.33,13.9,25.3,7.5,59708,59708,53569,0,57174,55258,51439,-287,11,9.85,5.03,15.75,14.19,8.19,7.94,6.5,3,12.53,11.19,5.73,9.58,8.64,4.39,10.89,9.89,3.99,31.5,29.62,17.5,1.5,-1.88,-3,19.96,18.35,9.6,5.05,3.83,0.17,0.7,3.3,1.7,0.07,0.28,0.09,9.3,11.8,18.7,11.2,19.3,25.3,8.3,7.5,14.8
C7,8.08,13.94,3.38,9.04,7.22,7.73,31.94,-3.88,15.61,2.02,5.6,0.35,16,25.5,8.3,58181,58181,52331,0,56197,54324,50344,-553,10.28,9.51,5.25,13.94,13.25,8.19,7.56,6.56,3.38,11.61,10.64,5.79,9.09,8.47,4.77,10.87,9.75,3.7,31.94,31,15.88,1,-2.94,-3.88,20.52,18.75,9.33,4.32,3.05,-0.44,1.1,4.3,1.4,0.1,0.32,0.06,10.6,13.4,22,12.4,20.8,25.5,8.4,8.3,18.2
C8,8.32,15.12,3.56,9.42,7.39,7.9,33,-4.75,16.09,2.12,6.4,0.54,11.8,30.4,4.1,59890,59890,55094,0,57383,55504,51573,-534,10.37,9.76,5.56,15.12,13.75,8.62,7.56,6.75,3.56,11.88,11.07,6.19,9.1,8.65,5.01,10.98,9.89,3.93,33,30,17.62,1.25,-3.25,-4.75,20.97,19.06,10.01,4.55,3.07,-0.33,0.7,3.8,3.2,0.12,0.45,0.17,5.8,8.5,18.8,7.8,15.4,30.4,4.2,4.1,12.3
C9,8,16.06,2.75,9.61,6.86,7.72,32.06,-2.88,15.21,2.88,5.7,0.4,14.3,32.8,7.9,57591,57526,51604,0,55815,53813,49833,-256,10.03,9.5,5.18,16.06,14.56,9,7.12,6.06,2.75,11.94,11.33,6.36,8.73,8.22,4.3,10.44,9.66,4.01,32.06,28.75,16.56,1.62,-1.81,-2.88,19.27,18.17,9.61,5.18,4.03,0.29,0.8,2.7,4.5,0.08,0.25,0.22,10.4,10.9,20.4,11.6,15.7,32.8,8.6,7.9,14.4
D1,7.55,15.75,2.5,8.84,6.52,7.78,30.12,-2.75,14.04,3.28,7.8,0.48,16.3,39.1,7.4,54316,53847,47934,0,56134,54153,49997,-143,9.31,9.2,4.71,15.75,14.94,7.81,6,5.19,2.5,10.81,10.73,5.62,8.14,8.03,3.92,10.36,9.68,4.2,30.12,25.75,15.44,1.62,-1.12,-2.75,17.58,16.74,9.03,5.51,4.4,0.76,0.4,5.4,6.5,0.05,0.39,0.28,8.7,13.8,23.4,9.5,32.4,39.1,7.4,7.4,15.6
D10,7.7,17,2.69,9.31,6.53,7.69,30.19,-3.44,14.74,2.77,6.9,0.5,13.8,32.3,4.7,55451,55151,48852,0,55627,53620,49660,-290,9.85,9.28,4.73,17,15.5,8,6.62,5.44,2.69,11.94,11.2,5.71,8.4,7.93,3.92,10.41,9.6,4.01,30.19,27.88,16.62,1.38,-1.94,-3.44,18.65,17.44,9.52,5.1,3.87,0.23,0.9,4.1,4.1,0.12,0.38,0.2,6.8,10.9,21.1,11.3,21.7,32.3,4.8,4.7,13.6
D11,7.55,12.5,3.25,8.17,7.01,7.73,30.62,-3.62,14.65,2.48,3.4,0.26,12.8,26.9,5.5,54381,54381,48046,0,56046,54201,50344,-377,9.63,8.81,4.98,12.5,11.62,7.38,7.5,6.5,3.25,10.33,9.53,5.44,9.04,8.16,4.57,10.56,9.62,4.04,30.62,28,16.12,1.56,-2.5,-3.62,18.76,17.31,9.34,4.89,3.46,0.02,2.3,2.8,2.5,0.18,0.27,0.16,12.8,10.4,15.5,15.6,19.9,26.9,8.8,5.5,11
D12,7.45,12.88,3,8.38,6.61,7.45,29.69,-5.31,15.46,1.47,3.7,0.16,23.3,31.1,13.9,53603,53603,46877,0,54515,52637,48671,-880,9.29,8.82,4.87,12.88,12.56,8,6.94,5.75,3,10.32,9.96,5.53,8.4,7.77,4.32,10.49,9.38,3.58,29.69,29.12,16.38,1.06,-3.94,-5.31,20.18,18.32,9.59,3.86,2.45,-0.98,2.1,2.5,2.2,0.08,0.13,0.09,26.9,20,24.9,29.1,24.2,31.1,22.6,13.9,20.8
D13,7.64,13.25,2.81,8.39,6.95,7.75,29.88,-4.75,15.42,2.11,1.1,0.03,34.6,38.1,32.7,54972,54874,48336,0,56364,54540,50764,-548,9.45,9.34,4.72,13.25,12.38,7.75,6.62,6.25,2.81,10.42,10.19,5.25,8.6,8.57,4.21,10.78,9.66,3.91,29.88,26.94,15.88,1.62,-2.94,-4.75,20.09,18.22,9.64,4.49,3.14,-0.4,1,0.5,0.2,0.03,0.02,0.01,36.3,33.8,34.4,38.1,35.2,35.6,34.5,32.7,33.8
D14,8.37,21.62,1.38,10.97,6.49,7.65,28.56,-3.25,14.08,2.85,4.6,0.49,9.3,21.3,2.6,60255,58706,53902,0,55393,53503,49789,-327,11.44,10.49,4.27,21.62,20.12,8.88,6.44,4.44,1.38,14.95,13.57,5.82,9.06,8.32,2.99,10.53,9.59,3.86,28.56,27.19,15.25,1.75,-2.12,-3.25,18.15,16.91,8.63,5.23,4.03,0.19,1,3.1,2.4,0.21,0.43,0.17,4.9,7.2,14.2,7,14.9,21.3,2.6,2.9,9.8
D15,7.45,13.19,2.88,8.29,6.68,7.61,28.44,-3.25,13.79,2.66,4.4,0.55,8,21.9,1.2,53630,53563,46596,0,55060,53123,49116,-310,9.55,8.93,4.61,13.19,12.75,7.62,7,5.75,2.88,10.62,9.91,5.17,8.61,8.01,4.1,10.38,9.48,3.94,28.44,27.62,16.56,1.5,-2.38,-3.25,17.73,16.19,8.87,5.01,3.69,0.19,1,3,3.3,0.2,0.55,0.27,5.1,5.5,12.3,6.7,11.4,21.9,2.9,1.2,5.8
D16,7.36,11.25,3.5,7.91,6.85,7.56,32.5,-3.88,15.57,1.95,1.6,0.07,22.5,28.4,18.1,52964,52964,46876,0,55018,53210,49368,-588,9.23,8.42,5.11,11.25,10.44,7.62,7.5,6.25,3.5,9.89,9.06,5.51,8.64,7.83,4.75,10.5,9.45,3.79,32.5,28.12,15.12,1.38,-2.62,-3.88,20.57,18.38,9.61,4.36,2.91,-0.48,1.4,1.1,1,0.06,0.05,0.04,23.5,21.1,23.5,25.4,24.3,28.4,20.9,18.1,21.3
D17,7.27,12.25,2.81,7.96,6.63,7.67,29,-3.62,14.45,2.44,2.1,0.06,33.3,37.9,30.1,52339,52122,45533,0,55599,53738,50012,-402,8.84,8.87,4.6,12.25,11.75,7.44,6.38,5.94,2.81,9.68,9.64,5.11,8.06,8.16,4.12,10.5,9.52,3.99,29,25.75,16.06,1.69,-2.06,-3.62,18.3,17.06,9.37,4.84,3.48,-0.09,1,1.2,0.6,0.03,0.04,0.02,36.7,31.6,33.3,37.9,35.5,34.5,34.6,30.1,31.9
D18,7.25,13.5,2.75,8.19,6.47,7.34,26.94,-3.25,13.06,2.74,6.1,0.36,16.9,31.1,8.5,52187,51732,45168,0,53128,51074,46944,-303,9.28,8.73,4.45,13.5,12.38,7.31,6.56,5.5,2.75,10.54,9.8,5.06,8.33,7.83,3.89,10.08,9.19,3.72,26.94,24.88,14.62,1.38,-1.88,-3.25,16.84,15.53,8.16,5.04,3.87,0.18,0.9,5.8,1.4,0.08,0.39,0.06,11,14.6,22.8,12.1,28.4,31.1,8.9,8.5,18.1
D19,7.61,13.25,3.06,8.37,6.96,7.5,29.5,-3.25,14.06,2.8,3.1,0.21,14.5,23.5,9.3,54769,54769,48057,0,54308,52332,48367,-313,9.74,9.09,4.75,13.25,12.5,7.38,7.19,6.31,3.06,10.7,9.96,5.27,8.95,8.35,4.29,10.27,9.37,3.85,29.5,28.31,17.19,1.5,-2,-3.25,18.07,16.77,8.76,5.14,3.9,0.23,1.5,2.7,1.2,0.12,0.21,0.07,12.2,13,17.5,15.2,20.4,23.5,10,9.3,14
D2,8.05,17.31,2.56,9.6,6.73,7.99,31.12,-2.81,14.7,3.19,6.4,0.74,8.7,23.6,0.1,57942,57654,52124,0,57677,55770,51811,-150,10.22,9.63,5.06,17.31,14.75,8.5,6.5,5.31,2.56,12.38,11.36,6.08,8.43,8.18,4.15,10.69,9.89,4.34,31.12,26.56,17.25,1.88,-1.25,-2.81,18.56,17.28,9.62,5.52,4.23,0.71,1.2,7.6,2.9,0.5,0.89,0.23,2.4,8.5,12.5,5,23.6,21.3,0.1,0.2,7
D20,6.76,10.44,3.25,7.22,6.32,7.62,27.94,-3.38,13.87,2.7,8.2,0.55,15,33.4,5.2,48649,48649,41624,0,55164,53234,49432,-330,7.81,7.92,4.87,10.12,10.44,6.88,6.06,6,3.25,8.4,8.46,5.18,7.26,7.39,4.61,10.46,9.51,3.9,27.94,27.12,15.25,1.5,-2.12,-3.38,17.69,16.35,8.96,5.06,3.77,0.18,0.9,6.6,3.3,0.12,0.59,0.14,7.5,11.2,23.5,8.6,20.5,33.4,5.7,5.2,18.1
D21,7.76,13.5,3.25,8.67,7.01,7.59,29.25,-3.38,14.14,2.71,6.2,0.64,9.8,23.7,1.6,55869,55869,49451,0,54978,53056,49280,-330,9.88,9.09,5.08,13.5,12.38,7.88,7.38,6.38,3.25,11.19,10.11,5.62,8.87,8.24,4.6,10.36,9.45,3.95,29.25,26.69,16.12,1.5,-2,-3.38,18.18,16.64,9.07,5.1,3.78,0.15,1,4.4,2.4,0.27,0.64,0.15,3.6,6.9,16.4,5.9,14.2,23.7,1.8,1.6,11.4
D22,7.25,14.25,2.62,8.21,6.39,7.68,27.25,-2.62,13.37,3.25,6.1,0.47,13.2,25.2,5.4,52182,51835,45361,0,55403,53461,49470,-148,9.24,8.67,4.54,14.25,12.94,7.38,6.25,5.62,2.62,10.51,9.76,5.19,8.16,7.69,3.92,10.32,9.51,4.13,27.25,25,16.12,1.88,-1,-2.62,17.02,15.66,8.74,5.56,4.38,0.68,0.9,4.8,2.6,0.11,0.47,0.13,7.8,10.2,19.6,9.3,17.6,25.2,6,5.4,13.2
D23,7.49,15.62,3,8.74,6.53,7.82,32.12,-2.81,14.69,3.07,9.3,0.73,12.9,30.2,1.1,53944,53944,47552,0,56499,54433,50529,-197,9.36,8.87,4.9,15.62,13.75,7.88,6.5,5.75,3,11.25,10.31,5.55,8.01,7.75,4.34,10.71,9.76,4.03,32.12,28,15.5,1.56,-1.25,-2.81,19.02,17.42,9.18,5.31,4.24,0.49,0.8,7.5,2.8,0.26,0.81,0.13,3,9.3,22.4,4.8,20.1,30.2,1.1,1.3,17.5
D24,8,14.25,3.25,9.13,7.13,7.98,30.69,-3.25,16.12,2.81,7.8,0.61,12.8,30.9,2.2,57579,57579,52401,0,57717,55829,52252,-306,9.96,9.35,5.38,14.25,13.75,8,7.25,6.44,3.25,11.6,10.69,6,8.77,8.34,4.86,10.98,9.94,4.08,30.69,30.38,18.75,1.56,-1.69,-3.25,20.93,19.1,10.08,5.15,3.94,0.21,1.2,5.3,3.1,0.26,0.57,0.15,4.7,9.3,21.2,6.7,22.3,30.9,2.2,2.2,15.4
D25,7.45,12.88,3.06,8.24,6.79,7.71,30,-3,14.45,2.96,6.4,0.58,11.1,33.5,1.1,53655,53655,46652,0,55702,53716,49781,-231,9.33,8.87,4.81,12.88,12.62,7.5,6.62,6.12,3.06,10.35,9.79,5.32,8.52,8.11,4.34,10.51,9.64,3.96,30,29.5,15.88,1.38,-1.62,-3,18.72,17.19,8.97,5.15,4.14,0.41,1.5,4.5,4.9,0.32,0.5,0.29,4.7,9,17.1,9,26.1,33.5,1.4,1.1,11.4
D3,9.01,21,2.38,11.52,7.09,8.65,36.44,-3.5,18.13,2.89,6.5,0.6,10.8,32.7,2.9,64852,64459,59512,0,62507,60670,56834,-217,11.72,10.79,5.49,21,18.44,10.38,7.12,5.88,2.38,14.85,13.71,7.19,9.32,8.6,4.14,11.85,10.72,4.54,36.44,31.62,19.75,1.62,-1.62,-3.5,24.18,21.5,10.93,5.22,3.92,0.43,0.6,4.2,5.1,0.14,0.51,0.3,4.7,8.3,17.1,6.7,17.2,32.7,3,2.9,10.3
D4,8.31,15.62,3.12,9.62,7.27,8.09,33.38,-4.12,17.14,2.26,6.4,0.65,9.9,29.7,2.2,59839,59839,54064,0,58717,56812,53040,-488,10.63,9.85,5.29,15.62,14.38,8.62,7.69,6.5,3.12,12.36,11.41,6.08,9.27,8.63,4.64,11.16,10.11,4.09,33.38,29.75,18.25,1.31,-2.75,-4.12,22.43,20.28,10.66,4.62,3.26,-0.19,0.6,3.9,4.2,0.15,0.57,0.25,4,6.9,16.6,5.2,16.2,29.7,2.5,2.2,9.9
D5,7.75,14.75,3.25,8.92,6.83,7.85,31.56,-3.81,16.13,2.37,7.3,0.42,17.6,35.9,7.2,55783,55783,49618,0,56965,55028,51259,-448,9.67,9.08,5.17,14.75,13,7.88,7,5.88,3.25,11.41,10.45,5.81,8.39,8.02,4.62,10.7,9.79,4.07,31.56,29,18.56,1.38,-2.75,-3.81,20.28,19.07,10.51,4.81,3.34,-0.09,1.5,5.1,2.9,0.14,0.36,0.11,10.4,14.3,25.5,12.9,21.9,35.9,7.2,7.3,20.5
D6,7.97,16.75,2,9.23,6.86,7.84,29.62,-2.62,13.88,3.23,6.9,0.48,14.5,39.8,5,57376,57233,51616,0,56566,54666,50498,-150,9.98,9.59,5.03,16.75,15.25,8.12,6.62,5.88,2,11.53,11.07,5.88,8.64,8.32,4.24,10.43,9.73,4.27,29.62,26.62,16.06,1.81,-1.31,-2.62,17.44,16.43,9.02,5.52,4.34,0.69,1.2,5.2,4.4,0.14,0.45,0.2,8.3,11.6,21.4,9.9,27,39.8,5.5,5,15.4
D7,8.42,16.06,2.81,9.75,7.35,8,33.31,-4.12,16.16,2.35,4.4,0.27,16.2,31.9,6.9,60577,60511,55067,0,58015,56147,52282,-455,10.43,10.2,5.28,16.06,15.5,9.38,7.25,6.62,2.81,11.96,11.81,6.2,9.23,8.95,4.51,10.82,9.97,4.2,33.31,28.75,17.38,1.5,-2.62,-4.12,20.21,19.02,10.69,4.81,3.32,-0.13,2.5,3.8,3.3,0.15,0.29,0.17,16.6,13.1,19.5,19.7,28.3,31.9,10.9,6.9,14.1
D8,7.62,13.69,2.5,8.52,6.82,7.81,30.5,-3.75,15.3,2.39,1.4,0.04,37.8,45.1,34.4,54874,54737,48600,0,56613,54734,50824,-425,9.61,9.15,4.8,13.69,12.38,7.88,6.75,6.25,2.5,10.76,10.18,5.41,8.6,8.24,4.23,10.6,9.73,4.07,30.5,27.62,16,1.44,-2.5,-3.75,19.3,17.93,10.11,4.8,3.41,-0.13,1.5,0.9,0.6,0.04,0.03,0.02,38.4,36.7,38.7,41.4,39.4,45.1,35.9,34.4,37.1
D9,7.68,14.62,0.62,8.83,6.73,7.7,30.06,-3.75,15.58,2.26,5.1,0.22,23,47.5,11.1,55288,55035,48891,0,55886,53991,50163,-491,9.83,9.26,4.71,14.62,13.81,8.31,6.94,6.12,0.62,11.2,10.65,5.46,8.79,8.23,3.9,10.59,9.65,3.87,30.06,29.06,16.81,1.38,-2.69,-3.75,19.7,18.35,10.15,4.66,3.34,-0.29,2.2,3.9,4.1,0.09,0.21,0.15,24,18.9,26.9,32.3,42.3,47.5,18.7,11.1,21.1
E1,7.66,12.25,3.12,8.27,7.04,7.74,28.25,-5.12,14.48,2.23,5,0.18,28.3,42.8,21.2,55110,55110,48779,0,56173,54274,50550,-433,9.78,9.02,4.93,12.25,12,7.5,7.62,6.25,3.12,10.47,9.71,5.41,9.06,8.32,4.48,10.72,9.65,3.93,28.25,27.62,16.56,1.38,-2.62,-5.12,18.43,17.09,9.34,4.5,3.22,-0.15,1.4,2.7,2.7,0.06,0.11,0.08,24.8,25,34,26.7,32.5,42.8,22.3,21.2,29
E10,7.49,13.69,1.38,8.52,6.51,7.62,28.38,-5.12,13.81,2.37,5.7,0.29,19.6,42.8,11.3,53907,53175,47491,0,55275,53372,49370,-393,9.83,9,4.48,13.69,13,7.62,6.94,5.69,1.38,11.06,10.15,5.27,8.68,7.94,3.69,10.48,9.5,3.92,28.38,27,15,1.44,-2.75,-5.12,17.74,16.46,8.63,4.7,3.34,-0.03,0.7,5.1,4.3,0.05,0.27,0.18,13.4,18.8,23.9,16.8,38.7,42.8,11.6,11.3,14.5
E11,6.81,13.12,2,7.76,5.83,7.76,29.31,-4.12,14.18,2.54,5.5,0.36,15.4,32.4,7.2,49017,47836,42048,0,56168,54306,50454,-345,8.88,8.19,4.09,13.12,12.25,7.19,6,4.94,2,10.11,9.25,4.77,7.64,7.09,3.4,10.75,9.65,3.95,29.31,29.12,16.75,1.44,-2.69,-4.12,18.39,17.06,8.58,4.78,3.56,0.13,0.8,4.2,2.3,0.08,0.33,0.11,10.4,12.8,21.2,12.1,20.7,32.4,8.5,7.2,17.1
E12,6.89,12.12,1.12,7.69,6.02,7.67,29.12,-4.25,13.78,2.56,5.8,0.32,18.1,44.1,9.3,49600,49025,42477,0,55555,53676,49725,-335,8.76,8.19,4.38,11.75,12.12,7.5,6.25,5.12,1.12,9.62,9.08,5.04,7.78,7.25,3.65,10.58,9.55,3.92,28.12,29.12,14.88,1.38,-2.75,-4.25,17.72,16.54,8.46,4.8,3.57,0.17,1,4.9,2.9,0.08,0.3,0.12,12,16.2,23.7,13.8,44.1,43.5,10,9.3,19.9
E13,6.94,11.75,2.62,7.48,6.36,7.53,28.75,-4.25,13.32,2.54,5.9,0.37,16.1,26.3,7.7,49945,49302,42619,0,54534,52582,48477,-337,8.93,8.33,4.26,11.5,11.75,7,6.5,5.75,2.62,9.56,8.94,4.68,8.23,7.66,3.84,10.41,9.4,3.81,28,28.75,15.38,1.25,-2.75,-4.25,17.28,16,8.1,4.77,3.58,0.12,1,5,1.6,0.1,0.37,0.07,10.1,13.7,22.1,11.7,22.1,26.3,8.3,7.7,18.7
E14,6.63,12.88,1.75,7.56,5.59,7.74,28.25,-4.06,13.55,2.78,5.7,0.41,14,33.2,6.4,47755,45922,40611,0,55987,54083,50056,-265,8.65,8.1,3.86,12.88,12.31,7.38,5.5,4.31,1.75,9.71,9.11,4.63,7.37,6.94,3.08,10.64,9.62,4,28.25,27.88,15.31,1.5,-2.44,-4.06,17.71,16.16,8.28,5.02,3.84,0.34,0.7,2.7,3.4,0.08,0.24,0.17,8.6,11,20.4,9.8,18.4,33.2,7.1,6.4,14.7
E15,7.15,14.75,2.38,8.36,5.94,7.72,29.12,-4.31,14.21,2.6,4.6,0.44,10.5,23.7,4,51497,50838,44980,0,55879,53905,49953,-301,8.91,8.64,4.51,14.75,13.56,7.94,5.62,4.5,2.38,10.51,10.01,5.31,7.32,7.24,3.71,10.61,9.61,3.98,29.12,27.19,15.88,1.25,-2.5,-4.31,18.41,16.84,8.9,4.8,3.64,0.19,0.9,2.7,2.7,0.14,0.34,0.17,6.7,7.9,15.6,8.4,12.6,23.7,4.5,4,11.4
E16,6.76,14.06,1.12,7.82,5.61,7.72,28.75,-3.88,13.76,2.85,8.7,0.56,15.6,38.2,3.5,48652,46543,41620,0,55803,53845,49842,-239,9.02,8.33,3.72,14.06,13.31,7.38,5.62,4.38,1.12,10.3,9.51,4.52,7.62,7.06,2.85,10.55,9.61,4,28.75,28.5,16.38,1.44,-2.38,-3.88,17.77,16.4,8.54,5.04,3.93,0.41,1,7.1,3.7,0.18,0.53,0.15,5.6,13.2,24,10.2,35.9,38.2,3.5,3.5,19.4
E17,6.79,12.62,1.44,7.69,5.9,7.84,30.75,-4.12,15,2.57,4.2,0.3,13.8,27.1,6.9,48886,48606,42108,0,56785,54838,51004,-320,8.36,8.06,4.49,12.62,11.62,7.31,5.75,5.12,1.44,9.53,9.07,5.12,7.23,7.07,3.86,10.85,9.75,4.02,30.75,29.31,16.81,1.19,-2.75,-4.12,19.56,17.81,9.29,4.76,3.6,0.17,1.3,3.1,1.9,0.12,0.26,0.11,10.3,11.7,18.3,12.3,21.2,27.1,7.6,6.9,14.7
E18,7.63,17.62,1,9.34,6.01,7.65,26.94,-3.62,12.98,3.17,6.3,0.41,15.5,39.9,6.2,54934,53182,48939,0,55216,53342,49076,-169,10.43,9.4,4.08,17.62,15.44,8.12,6.25,4.38,1,12.5,11.36,5.31,8.44,7.61,2.86,10.29,9.47,4.12,26.94,25.12,15.25,1.75,-2.12,-3.62,16.62,15.29,8.34,5.39,4.24,0.71,1.2,4.6,4,0.13,0.35,0.18,9.2,13.2,21.7,12.3,39.1,39.9,6.5,6.2,16.8
E19,7.2,14.25,2.12,8.09,6.33,7.68,28.38,-4.5,13.87,2.7,2.6,0.11,22.6,36,19.4,51851,50849,45696,0,55588,53686,49577,-293,9.3,8.71,4.34,14.25,12.38,7.25,6,5.38,2.12,10.36,9.68,5.02,8.24,7.75,3.67,10.44,9.56,4.03,28.38,26.56,15.62,1.5,-2.62,-4.5,17.86,16.36,8.84,4.97,3.74,0.25,0.5,1.4,2.2,0.03,0.07,0.09,20.8,21.3,25.1,23.4,27.7,36,19.8,19.4,22.4
E2,8.19,18.25,2.25,9.84,6.94,7.88,30.69,-5.12,14.9,2.51,8.5,0.37,22.7,42.2,11.8,58925,58243,52902,0,57102,55241,51406,-376,10.88,9.9,4.75,18.25,15.62,8.81,6.94,5.94,2.25,13.09,11.81,5.82,9.26,8.49,3.89,10.87,9.82,4.03,30.69,26.88,15.5,1.5,-2.44,-5.12,19.32,17.64,9.35,4.81,3.58,0.02,1.4,5.5,3.9,0.1,0.3,0.12,15.1,18.2,32,17.2,29.7,42.2,12.3,11.8,25
E20,7.53,14.62,2.38,8.48,6.68,7.82,28.25,-4.38,13.89,2.86,3.6,0.25,14.6,32.4,9.3,54230,53557,48181,0,56517,54701,50714,-254,9.67,9.13,4.55,14.62,12.88,7.5,6.38,5.94,2.38,10.83,10.19,5.23,8.64,8.18,3.9,10.55,9.68,4.19,28.25,26.12,15.75,1.75,-2.5,-4.38,17.77,16.33,8.97,5.17,3.88,0.4,0.8,2.2,3,0.07,0.17,0.16,11.7,12.9,18.2,18,26.5,32.4,10.1,9.3,14
E21,6.64,12.75,2.25,7.42,5.89,7.51,27.62,-3.62,12.94,3.05,7.3,0.61,12,33.6,2.2,47787,46747,40511,0,54286,52319,47947,-194,8.44,8.04,4.06,12.75,12,6.88,5.75,5.12,2.25,9.44,8.93,4.6,7.5,7.21,3.51,10.13,9.36,3.97,27.62,25.25,15.12,1.62,-2.12,-3.62,16.57,15.34,8.21,5.28,4.12,0.59,1.2,5,3.4,0.26,0.56,0.17,4.5,8.9,19.7,9.7,23,33.6,2.3,2.2,13.7
E22,7.75,17.12,1.75,9.09,6.48,7.58,28.06,-3.75,13.17,3.03,6,0.3,19.9,35.5,11.4,55796,54280,49853,0,54786,52809,48545,-201,10.48,9.51,4.25,17.12,14.88,8,6.44,5.12,1.75,12.04,11.02,5.26,8.98,8.09,3.28,10.25,9.43,4.02,28.06,25.44,15.19,1.62,-2.12,-3.75,16.93,15.58,8.34,5.28,4.11,0.54,0.7,5.4,2.3,0.05,0.3,0.09,13.9,17.7,25.6,15.2,29,35.5,12.3,11.4,22.7
E23,7.23,13.25,1.38,7.98,6.46,7.66,29.38,-4.75,14.49,2.48,4.7,0.2,24.3,44.8,16.5,52015,51426,45664,0,55546,53620,49586,-374,9.13,8.74,4.46,13.25,12.12,7.25,6.19,5.75,1.38,10.02,9.57,5.05,8.26,7.91,3.82,10.46,9.57,3.95,29.38,27.44,15.88,1.31,-3.25,-4.75,18.62,17.12,9.22,4.76,3.49,0.05,1.6,3.3,3.4,0.08,0.15,0.12,20,22.4,28.8,22.5,39.1,44.8,17,16.5,24.9
E24,8.1,17.69,2,9.63,6.75,7.68,29,-4.25,13.91,2.77,5.2,0.43,12,22.5,5.6,58315,57544,52260,0,55603,53676,49574,-283,10.63,9.87,4.7,17.69,15.5,8.44,6.62,5.38,2,12.44,11.62,5.83,9.02,8.35,3.68,10.41,9.58,4.03,29,25.62,15.94,1.5,-2.69,-4.25,17.92,16.38,8.88,5.06,3.81,0.31,0.7,3.2,2.5,0.09,0.35,0.14,7.4,9.2,17.8,8.7,14.8,22.5,6,5.6,13.2
E25,8.1,16,1.75,9.21,7.05,7.78,29.75,-4.75,14.43,2.6,5.6,0.29,19.4,39.6,12.3,58280,57696,52677,0,56339,54430,50479,-331,10.46,9.8,4.87,16,14.38,8.12,6.88,6.25,1.75,11.8,11.06,5.68,9.18,8.63,4.08,10.62,9.7,4.03,29.75,27.38,15.75,1.38,-2.81,-4.75,18.63,17.02,9.15,4.88,3.64,0.15,0.7,3.9,3.1,0.05,0.24,0.12,14.6,16.6,25.3,15.9,23.1,39.6,13.1,12.3,20.7
E3,7.95,14.62,2.44,8.81,7.17,8.05,34,-5.75,16.39,2.15,7.7,0.43,17.9,36.7,7.6,57256,56896,51225,0,58463,56602,52977,-510,10.35,9.62,4.74,14.62,13.12,7.81,7.38,6.5,2.44,11.46,10.6,5.31,9.35,8.73,4.19,11.22,10.06,4.02,34,28.75,16.94,1.25,-3,-5.75,21.75,19.32,10.08,4.43,3.16,-0.28,1.5,5.5,2.7,0.15,0.39,0.1,10.5,14.2,26.1,13,23.9,36.7,7.6,7.7,21.7
E4,7.84,15.69,2.75,9.26,6.67,7.73,29.88,-5.25,14.78,2.33,4.9,0.27,17.8,30.2,10.2,56464,56416,50497,0,56051,54128,50252,-410,9.85,9.29,5.09,15.69,13.81,8.5,6.88,5.81,2.75,11.67,10.95,6.03,8.42,7.93,4.28,10.59,9.66,3.96,29.88,27.25,16.62,1.25,-2.88,-5.25,18.82,17.39,9.57,4.59,3.34,-0.07,1.2,3.5,2,0.08,0.24,0.09,14.6,14.7,23.1,18.4,25,30.2,11.6,10.2,19
E5,7.81,15,2.69,8.91,6.89,7.44,28.25,-5.12,13.64,2.31,4,0.29,13.9,26,8.2,56217,56020,50209,0,54040,52135,48048,-467,9.88,9.37,4.9,15,13.5,8.12,7,6.25,2.69,11.17,10.63,5.72,8.79,8.34,4.19,10.17,9.31,3.81,28.25,26.31,15.5,1.31,-3.25,-5.12,17.33,16.23,8.65,4.64,3.27,-0.09,1,1.9,2.6,0.1,0.16,0.14,10.8,11.5,18.4,13.2,15,26,8.9,8.2,13.7
E6,7.58,13.62,2.5,8.58,6.72,7.44,28.75,-5.75,14.14,2.03,1.3,0.05,25.4,31,23.4,54601,54288,48136,0,54149,52230,48156,-571,9.84,9.05,4.68,13.62,12.5,7.62,7.25,5.94,2.5,11.06,10.16,5.42,8.83,8.09,4.01,10.28,9.31,3.75,28.75,28,16,1.31,-3.5,-5.75,17.73,16.78,9.16,4.42,2.94,-0.35,0.6,0.8,1,0.02,0.03,0.04,24.6,24.6,26.7,25.6,26.2,31,23.4,23.5,25.3
E7,7.46,12.5,2,8.16,6.82,7.92,31.25,-5.88,15.72,2.07,4.9,0.23,21.7,36.6,13.1,53696,53643,47561,0,57506,55629,51815,-497,9.43,8.75,4.9,12.5,11.38,7.38,7.12,6.38,2,10.38,9.54,5.35,8.58,8.05,4.45,11,9.86,4.01,31.25,28.06,17.31,1.25,-3.25,-5.88,20.62,18.51,9.82,4.38,2.97,-0.25,2,3.6,2.3,0.12,0.18,0.08,16.9,19.7,26.8,19.6,28.3,36.6,13.4,13.1,23.4
E8,7.31,11.56,2.5,7.93,6.69,7.67,28.38,-5.62,13.82,2.18,6,0.23,26.4,43.2,17.7,52629,52583,45825,0,55661,53852,49983,-460,9.21,8.62,4.78,11.5,11.56,7.25,7.06,6.06,2.5,9.95,9.3,5.26,8.46,7.92,4.32,10.56,9.55,3.94,28,28.38,15.88,1.5,-3.06,-5.62,17.92,16.59,8.41,4.51,3.08,-0.14,1.1,4.5,2.5,0.06,0.19,0.08,19.7,24.3,32.5,21.5,37.7,43.2,17.7,17.7,29.5
E9,7.33,12.81,2.62,8.21,6.51,7.7,29.06,-5.88,14.3,2.11,6.1,0.26,22.9,40.2,14.7,52794,52504,45999,0,55910,54110,50188,-502,9.48,8.74,4.55,12.81,12.12,7.25,6.81,5.75,2.62,10.56,9.72,5.18,8.46,7.81,3.96,10.6,9.6,3.93,29.06,28.44,14.88,1.44,-3.19,-5.88,18.38,17.01,8.98,4.5,2.97,-0.21,1.4,3.1,3.8,0.08,0.16,0.13,17.8,19.5,29.6,20.1,25.9,40.2,15.1,14.7,22.9
F1,7.73,15,2.06,8.91,6.81,7.51,29.56,-4.56,14.35,2.29,6.1,0.34,18,40,9.1,55675,55365,49330,0,54532,52598,48680,-437,9.79,9.43,4.68,15,14,7.75,6.69,6.12,2.06,11.19,10.79,5.54,8.74,8.4,3.95,10.19,9.42,3.88,29.56,28.38,17.94,1.5,-2.75,-4.56,17.82,17.02,9.42,4.73,3.16,-0.06,1.1,5,3.6,0.09,0.33,0.15,13.1,15.1,24,14.5,31.8,40,10.4,9.1,18.8
F10,7.51,13.06,1.62,8.41,6.64,7.7,30.88,-5.06,15.32,1.89,6.3,0.34,18.3,38.3,8.8,54080,53470,47424,0,55948,54019,50130,-524,9.73,9.06,4.53,13.06,12.62,7.62,7,5.75,1.62,10.77,10.06,5.24,8.7,8.12,3.84,10.6,9.66,3.87,30.88,29.69,17.19,1.38,-3.12,-5.06,19.44,18.07,9.92,4.27,2.71,-0.38,0.6,4.6,2.7,0.05,0.3,0.11,11.9,15.7,24.8,13.1,27,38.3,10.6,8.8,20.2
F11,8.15,14.81,4.25,9.05,7.36,7.57,27.62,-2.5,13.71,2.4,1.6,0.08,20.5,24.3,16.4,58660,58660,51578,0,54839,52860,48916,-335,10.41,9.67,5.17,14.81,13.31,8.12,7.38,6.38,4.25,11.54,10.75,5.73,9.37,8.68,4.75,10.25,9.42,4,27.62,26.25,15.88,1.62,-2.5,-2.5,17.35,16.08,9,4.79,3.19,0.14,1,1.6,0.4,0.05,0.08,0.02,20.3,19.4,22,22.4,24.3,22.8,18.1,16.4,20.5
F12,7.66,13.25,2.62,8.46,6.92,7.59,27.44,-4.56,14.02,2.27,4.6,0.2,23.5,39.6,16.2,55132,54867,48708,0,55014,53093,49273,-395,9.82,9.24,4.67,13.25,12.81,7.5,7.06,6.25,2.62,10.78,10.15,5.28,8.96,8.41,4.11,10.26,9.47,3.97,27.44,26.38,17.88,1.62,-2.62,-4.56,17.41,16.46,9.38,4.7,3.13,-0.08,1.2,3.4,2.2,0.06,0.16,0.08,19.6,21.1,28.4,25.7,26.9,39.6,17,16.2,24.8
F13,8,14.12,2.56,9.04,7.05,7.62,27.62,-4.44,14.04,2.29,4.2,0.19,22.3,37.4,13.6,57554,57331,51338,0,55219,53291,49436,-393,10.33,9.63,4.85,14.12,13.62,7.88,7.25,6.25,2.56,11.59,10.8,5.63,9.19,8.58,4.14,10.31,9.5,3.99,27.62,27,17.12,1.62,-2.38,-4.44,17.49,16.46,9.4,4.73,3.14,-0.04,2.6,3.6,2.5,0.14,0.18,0.09,19.3,20.4,26.2,23.4,32,37.4,14.6,13.6,22.5
F14,7.54,13.69,2.5,8.48,6.7,7.55,30,-4.75,14.73,2,5.8,0.29,19.7,39.6,11,54257,53728,47414,0,54872,52971,49104,-528,9.8,9.09,4.52,13.69,12.88,7.5,6.88,5.75,2.5,10.97,10.16,5.21,8.81,8.17,3.87,10.41,9.47,3.79,29.38,30,18.25,1.5,-3,-4.75,18.38,17.4,9.68,4.45,2.84,-0.33,1,4.1,3.2,0.07,0.24,0.13,14,17.3,25.5,16,31.1,39.6,11.9,11,21.6
F15,6.29,10.5,2.56,6.82,5.8,7.21,29.12,-4.69,13.49,1.84,8,0.67,11.9,32.2,1.6,45273,45200,37475,0,52520,50559,46558,-605,7.34,7.56,4.28,10.5,10.31,6.56,5.12,5.31,2.56,8.05,8.13,4.65,6.71,7.02,3.94,10.1,9.1,3.47,27.62,29.12,15.38,1.31,-3.12,-4.69,17.38,16.18,8.3,4.26,2.66,-0.44,0.5,6.1,4.3,0.19,0.63,0.22,2.8,9.7,19.5,4.2,27.7,32.2,1.7,1.6,12.6
F16,7.69,12.81,2.88,8.33,7.06,7.7,28.25,-4.12,14.13,2.21,4.6,0.35,13,26,4.4,55382,55348,49099,0,55837,53932,50088,-381,9.81,9.13,4.9,12.81,12.12,7.81,7.44,6.5,2.88,10.58,9.86,5.36,9.03,8.39,4.45,10.51,9.61,3.99,28.25,28,16.44,1.56,-2.44,-4.12,18.07,16.73,8.99,4.54,3.08,-0.1,1.7,3.9,1.5,0.2,0.35,0.09,8.5,11.2,17.4,12.6,26,24.6,5.9,4.4,15
F17,7.94,17.44,1.62,9.54,6.55,7.58,27.62,-4.06,13.86,2.43,6.2,0.35,17.9,31.9,8.3,57125,55716,51175,0,54907,52920,48927,-328,10.72,9.75,4.34,17.44,15.25,8.12,6.75,5.5,1.62,12.57,11.65,5.47,9.06,8.13,3.36,10.29,9.49,3.93,27.62,26.25,16.75,1.5,-2.12,-4.06,17.54,16.31,9.04,4.82,3.33,0.08,3.1,3.9,3.4,0.21,0.29,0.14,15.1,13.4,24.4,24.6,20,31.9,10.3,8.3,18.6
F18,7.35,13.88,2.19,8.27,6.62,7.42,26.81,-4.62,13.59,2.28,2.7,0.12,22.2,32.7,16.7,52908,51871,46089,0,53867,51959,48103,-437,9.71,8.97,4.2,13.88,12.5,7.38,6.75,5.69,2.19,10.79,10.01,4.9,8.87,8.17,3.61,10.16,9.28,3.8,26.81,26.62,17.75,1.75,-2.69,-4.62,17.01,16.01,8.96,4.8,3.14,-0.12,1.9,2.4,1.6,0.09,0.11,0.07,20.1,21.3,24.4,23.9,32.7,32.3,16.8,16.7,21.6
F19,7.13,11.81,1.62,7.76,6.52,7.31,28.25,-4.88,13.93,1.9,7.6,0.26,29.5,50.7,19.8,51290,50785,44221,0,53144,51203,47222,-555,9.26,8.55,4.33,11.81,11.62,7,6.94,5.62,1.62,10.01,9.25,4.84,8.6,7.9,3.79,10.15,9.17,3.62,28.25,27.88,17,1.5,-3.38,-4.88,17.9,16.49,8.83,4.32,2.68,-0.35,0.7,6.1,3.4,0.03,0.23,0.09,22.2,26.3,37.2,23.4,43.9,50.7,20.7,19.8,33.4
F2,7.38,14.75,2.25,8.7,6.36,7.6,30.62,-4.88,15.12,2.06,4.4,0.23,19,29.9,12.6,53158,52802,46598,0,55244,53316,49509,-509,9.19,8.94,4.63,14.75,13.5,7.62,6.25,5.5,2.25,10.76,10.45,5.58,7.98,7.8,3.83,10.36,9.52,3.91,30.62,28.62,18.5,1.5,-3.12,-4.88,19.08,17.83,9.84,4.46,2.88,-0.22,0.6,3.2,2.6,0.04,0.19,0.11,14.9,17,23.5,16.1,26.6,29.9,13.4,12.6,18.7
F20,6.47,10.38,2.5,7.17,5.85,7.5,30.5,-4.56,14.48,1.94,7.5,0.49,15.4,34.5,5.5,46607,46566,39478,0,54487,52478,48650,-502,7.04,7.74,4.75,10.38,10.25,6.94,5.12,5.38,2.5,7.94,8.54,5.21,6.22,7.01,4.34,10.38,9.43,3.72,30.5,28.25,16.5,1.19,-2.94,-4.56,18.76,17.19,9.03,4.26,2.77,-0.31,0.4,5.4,3.2,0.06,0.42,0.14,6.8,12.9,23,12,29.3,34.5,5.5,5.8,16.7
F21,7.63,13.81,2.69,8.53,6.85,7.4,30.5,-4.94,14.48,1.74,8.1,0.43,18.7,40.3,6.7,54917,54872,48672,0,53876,51929,47898,-601,9.54,9.12,4.89,13.81,13.12,7.5,7,6.25,2.69,10.74,10.2,5.42,8.55,8.18,4.39,10.21,9.29,3.7,30.5,28.62,16.5,1.25,-3.62,-4.94,18.88,17.12,9.03,4.11,2.54,-0.49,1.9,6.1,3.5,0.17,0.41,0.13,11,15,27.2,14.2,31.2,40.3,7.1,6.7,21.1
F22,7.77,13.88,2.62,8.67,6.96,7.81,28.44,-4,14.34,2.42,5.2,0.31,16.9,30.4,7.3,55900,55728,49491,0,56544,54616,50874,-334,10.1,9.28,4.76,13.88,12.62,7.94,7.5,6.25,2.62,11.2,10.34,5.37,9.13,8.34,4.2,10.65,9.73,4.06,28.44,27.88,15.75,1.62,-2.25,-4,18.38,16.85,9.25,4.84,3.31,0.05,3.1,4.1,2.6,0.17,0.33,0.12,17.5,12.5,21.5,20,19,30.4,10.8,7.3,16.7
F23,7.43,15.19,1.75,8.65,6.44,7.32,27.56,-4.38,13.78,2.2,1.4,0.04,30.7,43.3,28.6,53467,52223,46758,0,53206,51238,47335,-482,9.85,9.09,4.2,15.19,14.12,7.5,6.38,5.5,1.75,11.36,10.46,5.09,8.69,8.01,3.4,10.02,9.21,3.7,27.56,26.75,18,1.5,-2.75,-4.38,17.18,16.29,9.06,4.74,3.09,-0.22,0.4,0.6,1.6,0.01,0.02,0.05,30.7,29.8,31.8,31.9,32.5,43.3,29.6,28.6,29.9
F24,7.25,12.38,2.5,7.9,6.61,7.29,26.69,-4.25,13.18,2.24,2.8,0.1,27.4,39.6,22.9,52186,51314,45281,0,52937,50960,46966,-436,9.5,8.8,4.24,12.12,12.38,7.12,7,5.62,2.5,10.24,9.51,4.79,8.79,8.09,3.74,10.07,9.14,3.66,26.69,26.5,14.88,1.62,-2.5,-4.25,17.14,15.62,8.21,4.6,3.13,-0.11,1,2.3,1.7,0.04,0.09,0.05,24.8,26.4,30.1,26.4,38.9,39.6,23,22.9,28.1
F25,7.23,12.88,2.62,8.08,6.45,7.53,28.69,-4.25,13.71,2.26,3,0.12,25.7,38.1,20.6,52034,51489,45244,0,54567,52613,48681,-376,9,8.78,4.5,12.88,12.25,7.38,6.38,5.75,2.62,9.98,9.75,5.14,8.09,7.89,3.92,10.28,9.42,3.86,28.69,27,15.56,1.38,-2.56,-4.25,17.5,16.21,8.79,4.68,3.12,-0.06,0.9,2.7,2.3,0.04,0.11,0.08,22.8,25,28,24.4,35.8,38.1,21.1,20.6,24.8
F3,7.66,15.75,2.81,9.01,6.57,7.88,35.62,-4.5,16.15,2.1,4.9,0.44,11.1,28.3,3.1,55173,55095,49153,0,57207,55169,51454,-467,9.37,9.15,5.05,15.75,13.88,8,6.25,5.56,2.81,11.21,10.69,5.88,7.92,7.92,4.32,10.9,9.91,3.92,35.62,34.5,18.25,1.19,-2.88,-4.5,21.33,19.17,9.84,4.38,3.02,-0.22,1.5,4.5,3.1,0.25,0.44,0.21,6.1,10.1,15.2,11.2,24.8,28.3,3.1,3.3,10.1
F4,7.71,13.62,2.75,8.54,6.96,7.65,29.5,-4.62,14.62,2.12,2.2,0.1,22.1,34.4,17.9,55487,55348,49317,0,55460,53548,49598,-420,9.72,9.27,4.84,13.62,12.5,7.75,7,6.38,2.75,10.69,10.18,5.48,8.86,8.44,4.24,10.4,9.57,3.95,29.5,27.56,17.12,1.38,-2.81,-4.62,18.51,17.22,9.53,4.46,2.99,-0.17,0.7,2.3,2.2,0.03,0.1,0.1,20.7,22.2,22.8,22,31.8,34.4,19.3,19,17.9
F5,7.63,15.56,2.06,8.97,6.52,7.5,28.12,-4.38,13.75,2.24,7.1,0.39,18.2,33,9.4,54905,53956,48650,0,54368,52431,48331,-391,9.89,9.28,4.5,15.56,13.75,8,6.75,5.75,2.06,11.47,10.8,5.5,8.57,8.05,3.67,10.18,9.39,3.88,28.12,26.5,16,1.5,-2.75,-4.38,17.36,16.17,9,4.61,3.1,-0.06,0.6,5.1,2.7,0.06,0.34,0.11,10.9,15.2,25.7,12,23.5,33,9.7,9.4,20.9
F6,8.07,15.38,2.5,9.24,7.05,7.64,28.62,-4.38,14.25,2.42,4.1,0.18,22.7,40.1,15.3,58119,57874,52135,0,55407,53466,49600,-378,10.43,9.71,4.92,15.38,13.69,8.31,7.25,6.31,2.5,11.86,11.01,5.77,9.17,8.58,4.14,10.41,9.54,3.96,28.62,27.69,16.44,1.5,-2.38,-4.38,17.99,16.78,9.3,4.83,3.34,0.03,2.4,3.2,2.7,0.12,0.15,0.1,20,20.7,26.6,23.3,33.8,40.1,16,15.3,22.1
F7,7.91,15.88,2.12,9.12,6.91,7.6,30.38,-4.75,14.72,2.11,3.5,0.19,18.3,29,12.6,56933,56222,50897,0,55206,53269,49403,-491,10.18,9.63,4.7,15.88,14.12,8.25,6.81,6.12,2.12,11.62,11,5.62,9.02,8.53,3.92,10.37,9.54,3.88,30.38,26.88,17.12,1.38,-2.62,-4.75,18.6,17.4,9.54,4.6,2.98,-0.27,1.3,2.6,1.9,0.08,0.16,0.09,16.1,16.3,21.9,18.5,21,29,13.8,12.6,18.9
F8,7.95,15.69,2.31,9.2,7.01,7.47,29.94,-4.62,14.44,2.11,4.3,0.21,20.9,33.7,15.2,57244,56714,51066,0,54276,52341,48422,-471,10.27,9.68,4.71,15.69,14.12,8.25,7.19,6.19,2.31,11.72,11.11,5.64,9.19,8.62,3.97,10.2,9.4,3.78,29.94,27.44,18,1.38,-2.69,-4.62,18.15,17.04,9.45,4.51,2.99,-0.24,0.4,3.3,2.1,0.02,0.17,0.08,16.8,18.9,25.4,17.7,25.2,33.7,15.9,15.2,22.2
F9,7.65,14.38,2.88,8.7,6.82,7.39,32.62,-5.12,15.05,1.79,5.8,0.46,12.5,28.2,6.5,55089,55046,48696,0,53878,51950,48079,-660,9.41,9.17,4.96,14.38,13.56,7.81,6.62,6.25,2.88,10.7,10.36,5.71,8.41,8.23,4.37,10.04,9.31,3.76,32.62,29.69,19.5,1.38,-3.75,-5.12,18.26,17.97,9.98,4.32,2.57,-0.53,0.4,2.4,3.9,0.06,0.25,0.21,7.5,9.3,18.9,8.5,15.3,28.2,6.5,6.5,13
