site,study_design,species,abbr,year,n_inds,n_leaf,w_weight,d_weight,total.leaf.area,n,leaf_area,SLA,LDMC,sd_la_filt,n_filt
A16,ITV,Vaccinium vitis-idaea,VACVIT,2021,4,12,0.198,0.0933,5.848,12,0.48733333333333334,62.67952840300107,0.47121212121212114,0.109321322326212,12
A16,ITV,Vaccinium myrtillus,VACMYR,2021,4,8,0.0313,0.0141,2.046,8,0.25575,145.1063829787234,0.45047923322683703,0.0958208894612383,8
A15,ITV,Solidago virgaurea,SOLVIR,2021,4,4,0.3452,0.0757,25.215,4,6.30375,333.0911492734478,0.21929316338354576,2.00755130694087,4
A15,ITV,Vaccinium vitis-idaea,VACVIT,2021,4,8,0.2222,0.1001,6.363,8,0.795375,63.566433566433574,0.45049504950495045,0.345670750653194,8
A15,ITV,Vaccinium uliginosum,VACULI,2021,4,8,0.0925,0.0363,6.202,8,0.77525,170.85399449035813,0.3924324324324324,0.230300269834219,8
A15,ITV,Vaccinium myrtillus,VACMYR,2021,4,8,0.0838,0.0339,6.26,8,0.7825,184.66076696165192,0.4045346062052506,0.171700736332559,8
A22,ITV,Solidago virgaurea,SOLVIR,2021,2,2,0.1962,0.0441,13.02,2,6.51,295.23809523809524,0.22477064220183485,0.10040916292849,2
A22,ITV,Vaccinium myrtillus,VACMYR,2021,4,8,0.0965,0.0374,7.77,8,0.97125,207.75401069518713,0.38756476683937824,0.403888156371467,8
A22,ITV,Vaccinium vitis-idaea,VACVIT,2021,4,8,0.3151,0.1548,8.727,8,1.090875,56.37596899224807,0.49127261186924787,0.359396095654124,8
A2,ITV,Solidago virgaurea,SOLVIR,2021,4,4,0.5388,0.1105,33.746,4,8.4365,305.39366515837105,0.20508537490720122,3.84857848215849,4
A2,ITV,Vaccinium myrtillus,VACMYR,2021,4,8,0.0834,0.0338,6.137,8,0.767125,181.5680473372781,0.4052757793764988,0.11578112046937,8
A2,ITV,Vaccinium vitis-idaea,VACVIT,2021,4,8,0.1177,0.0531,3.711,8,0.463875,69.88700564971751,0.45114698385726426,0.0982263239375562,8
A18,ITV,Solidago virgaurea,SOLVIR,2021,3,3,0.4388,0.0735,19.941,3,6.646999999999999,271.3061224489796,0.16750227894257064,0.393188250078763,3
A18,ITV,Vaccinium myrtillus,VACMYR,2021,4,8,0.079,0.0324,5.639,8,0.704875,174.04320987654322,0.410126582278481,0.306567837983234,8
A18,ITV,Vaccinium vitis-idaea,VACVIT,2021,4,8,0.1765,0.0795,5.025,8,0.628125,63.20754716981133,0.45042492917847027,0.0900657497926614,8
A7,ITV,Vaccinium vitis-idaea,VACVIT,2021,4,8,0.2383,0.1147,6.72,8,0.84,58.58761987794246,0.48132605958875363,0.212240429701789,8
A7,ITV,Vaccinium myrtillus,VACMYR,2021,4,8,0.0967,0.0395,6.112,8,0.764,154.73417721518987,0.4084798345398139,0.176476627347646,8
A9,ITV,Solidago virgaurea,SOLVIR,2021,4,4,0.733,0.0886,46.265,4,11.56625,522.1783295711061,0.1208731241473397,3.62799920755228,4
A9,ITV,Vaccinium myrtillus,VACMYR,2021,4,8,0.0832,0.0337,6.404,8,0.8005,190.02967359050444,0.4050480769230769,0.235807427485105,8
A9,ITV,Vaccinium vitis-idaea,VACVIT,2021,4,8,0.2245,0.0869,8.381,8,1.047625,96.44418872266974,0.3870824053452116,0.215859039653196,8
A19,ITV,Solidago virgaurea,SOLVIR,2021,4,4,0.3936,0.1539,24.498,4,6.1245,159.1812865497076,0.39100609756097565,1.73667834289101,4
A19,ITV,Vaccinium myrtillus,VACMYR,2021,4,8,0.0736,0.0307,5.486,8,0.68575,178.6970684039088,0.41711956521739135,0.104654192462605,8
A19,ITV,Vaccinium vitis-idaea,VACVIT,2021,4,8,0.2178,0.0935,6.488,8,0.811,69.3903743315508,0.4292929292929293,0.125652582259862,8
A8,ITV,Solidago virgaurea,SOLVIR,2021,4,4,0.3664,0.0812,24.706,4,6.1765,304.2610837438424,0.22161572052401746,0.514177984748472,4
A8,ITV,Vaccinium vitis-idaea,VACVIT,2021,4,8,0.2414,0.1135,7.518,8,0.93975,66.23788546255506,0.47017398508699254,0.448528944757988,8
A8,ITV,Vaccinium uliginosum,VACULI,2021,4,8,0.1714,0.0657,9.831,8,1.228875,149.63470319634703,0.38331388564760793,0.21221918420081,8
A6,ITV,Vaccinium vitis-idaea,VACVIT,2021,4,8,0.1478,0.0589,4.735,8,0.591875,80.3904923599321,0.39851150202977,0.166343394819271,8
A6,ITV,Vaccinium myrtillus,VACMYR,2021,4,8,0.0755,0.0337,5.6,8,0.7,166.1721068249258,0.44635761589403977,0.136017855970667,8
A10,ITV,Solidago virgaurea,SOLVIR,2021,1,1,0.1088,0.022,7.034,1,7.034,319.72727272727275,0.20220588235294118,NA,1
A10,ITV,Vaccinium myrtillus,VACMYR,2021,4,8,0.0913,0.0393,6.707,8,0.838375,170.6615776081425,0.43044906900328583,0.273847161491849,8
A10,ITV,Vaccinium vitis-idaea,VACVIT,2021,4,8,0.16,0.0667,5.562,8,0.69525,83.38830584707647,0.41687499999999994,0.17703167593884,8
A17,ITV,Vaccinium myrtillus,VACMYR,2021,4,8,0.0812,0.0342,5.486,8,0.68575,160.40935672514618,0.42118226600985226,0.418174519275659,8
A17,ITV,Vaccinium vitis-idaea,VACVIT,2021,4,8,0.2673,0.1354,6.775,8,0.846875,50.03692762186116,0.5065469509913955,0.185049366000381,8
A1,ITV,Solidago virgaurea,SOLVIR,2021,4,4,0.5491,0.1089,32.165,4,8.04125,295.36271808999084,0.1983245310508104,2.22354947100351,4
A1,ITV,Vaccinium vitis-idaea,VACVIT,2021,3,6,0.1419,0.0652,4.029,6,0.6715,61.79447852760737,0.45947850599013385,0.291905978013469,6
A1,ITV,Vaccinium myrtillus,VACMYR,2021,4,8,0.074,0.0287,5.694,8,0.71175,198.39721254355402,0.3878378378378379,0.20826682747997,8
A14,ITV,Solidago virgaurea,SOLVIR,2021,4,4,0.3002,0.0666,19.458,4,4.8645,292.16216216216213,0.22185209860093272,0.751766586115664,4
A14,ITV,Vaccinium uliginosum,VACULI,2021,4,8,0.1258,0.0486,7.565,8,0.945625,155.6584362139918,0.3863275039745628,0.287077857781772,8
A14,ITV,Vaccinium myrtillus,VACMYR,2021,4,8,0.1185,0.0477,8.328,8,1.041,174.59119496855345,0.4025316455696203,0.306041547132785,8
A14,ITV,Vaccinium vitis-idaea,VACVIT,2021,4,8,0.2367,0.1116,6.057,8,0.757125,54.274193548387096,0.47148288973384034,0.226112132422326,8
A4,ITV,Vaccinium myrtillus,VACMYR,2021,4,8,0.1079,0.0459,7.805,8,0.975625,170.04357298474943,0.42539388322520855,0.173223173556955,8
A4,ITV,Vaccinium vitis-idaea,VACVIT,2021,4,8,0.1371,0.0535,5.627,8,0.703375,105.17757009345794,0.3902261123267688,0.262994262566424,8
A11,ITV,Vaccinium myrtillus,VACMYR,2021,4,8,0.0612,0.0255,4.598,8,0.57475,180.31372549019608,0.41666666666666663,0.214994850436669,8
A11,ITV,Vaccinium vitis-idaea,VACVIT,2021,4,8,0.2378,0.112,6.096,8,0.762,54.42857142857143,0.47098402018502944,0.304396358153548,8
A5,ITV,Vaccinium uliginosum,VACULI,2021,4,8,0.2343,0.0869,11.871,8,1.483875,136.6052934407365,0.37089201877934275,0.285647353767343,8
A5,ITV,Vaccinium myrtillus,VACMYR,2021,4,8,0.0541,0.0241,4.041,8,0.505125,167.67634854771785,0.4454713493530499,0.0962518088883825,8
A5,ITV,Vaccinium vitis-idaea,VACVIT,2021,4,8,0.2016,0.0959,5.413,8,0.676625,56.44421272158499,0.4756944444444444,0.133165780138893,8
A25,ITV,Solidago virgaurea,SOLVIR,2021,4,4,0.4957,0.1021,29.292,4,7.323,286.8952007835456,0.2059713536413153,2.52003928540807,4
A25,ITV,Vaccinium myrtillus,VACMYR,2021,4,8,0.0854,0.0353,6.653,8,0.831625,188.47025495750708,0.41334894613583134,0.200160605157815,8
A25,ITV,Vaccinium vitis-idaea,VACVIT,2021,4,8,0.2385,0.1155,6.603,8,0.825375,57.16883116883116,0.4842767295597485,0.253605395109354,8
A3,ITV,Vaccinium uliginosum,VACULI,2021,4,8,0.0916,0.0316,5.487,8,0.685875,173.6392405063291,0.34497816593886466,0.205002047028107,8
A3,ITV,Vaccinium vitis-idaea,VACVIT,2021,4,8,0.2443,0.1103,7.352,8,0.919,66.65457842248414,0.4514940646745804,0.283472346849867,8
A3,ITV,Vaccinium myrtillus,VACMYR,2021,1,2,0.0448,0.0199,2.858,2,1.429,143.6180904522613,0.4441964285714286,0.268700576850888,2
A20,ITV,Solidago virgaurea,SOLVIR,2021,4,4,0.2587,0.0553,16.601,4,4.15025,300.19891500904157,0.21376111325860073,1.33018579529327,4
A20,ITV,Vaccinium uliginosum,VACULI,2021,4,8,0.2059,0.0741,11.799,8,1.474875,159.23076923076923,0.35988343856240895,0.182497309177815,8
A20,ITV,Vaccinium myrtillus,VACMYR,2021,4,8,0.0806,0.0345,6.087,8,0.760875,176.43478260869563,0.4280397022332506,0.212097307519786,8
A20,ITV,Vaccinium vitis-idaea,VACVIT,2021,4,8,0.1904,0.0745,6.043,8,0.755375,81.11409395973155,0.39128151260504196,0.219528675315354,8
A13,ITV,Solidago virgaurea,SOLVIR,2021,4,4,0.4231,0.0858,26.979,4,6.74475,314.4405594405594,0.2027889387851572,1.5246182855609,4
A13,ITV,Vaccinium myrtillus,VACMYR,2021,4,8,0.0891,0.0374,6.606,8,0.82575,176.63101604278074,0.4197530864197531,0.195337619813199,8
A13,ITV,Vaccinium uliginosum,VACULI,2021,4,8,0.1717,0.0633,9.75,8,1.21875,154.02843601895736,0.3686662783925451,0.204467776015125,8
A13,ITV,Vaccinium vitis-idaea,VACVIT,2021,4,8,0.198,0.0855,5.961,8,0.745125,69.71929824561403,0.4318181818181818,0.278807889568632,8
A21,ITV,Vaccinium vitis-idaea,VACVIT,2021,4,8,0.1665,0.0816,4.443,8,0.555375,54.448529411764696,0.4900900900900901,0.313168114368533,8
A21,ITV,Vaccinium myrtillus,VACMYR,2021,4,8,0.057,0.0258,4.121,8,0.515125,159.72868217054264,0.4526315789473684,0.229926346902655,8
A12,ITV,Solidago virgaurea,SOLVIR,2021,4,4,0.5312,0.1279,32.16,4,8.04,251.44644253322903,0.24077560240963858,1.92365710735221,4
A12,ITV,Vaccinium myrtillus,VACMYR,2021,4,8,0.0902,0.0364,6.508,8,0.8135,178.7912087912088,0.4035476718403548,0.146936332179232,8
A12,ITV,Vaccinium vitis-idaea,VACVIT,2021,4,8,0.1814,0.0703,5.551,8,0.693875,78.96159317211949,0.3875413450937155,0.122684773184893,8
A24,ITV,Vaccinium myrtillus,VACMYR,2021,4,8,0.0875,0.0381,5.985,8,0.748125,157.08661417322836,0.4354285714285715,0.0908427801990104,8
A24,ITV,Vaccinium vitis-idaea,VACVIT,2021,4,8,0.1205,0.043,4.229,8,0.528625,98.34883720930233,0.35684647302904565,0.269423690495101,8
A23,ITV,Vaccinium myrtillus,VACMYR,2021,4,8,0.0693,0.0281,5.341,8,0.667625,190.0711743772242,0.4054834054834055,0.0730341162940796,8
A23,ITV,Vaccinium vitis-idaea,VACVIT,2021,4,8,0.0862,0.032,3.387,8,0.423375,105.84375,0.3712296983758701,0.114721946461869,8
B1,ITV,Solidago virgaurea,SOLVIR,2021,3,3,0.4221,0.0834,26.88,3,8.959999999999999,322.3021582733813,0.19758351101634686,4.99285209073932,3
B1,ITV,Vaccinium vitis-idaea,VACVIT,2021,4,8,0.2725,0.118,9.155,8,1.144375,77.58474576271186,0.4330275229357798,0.0960861778375463,8
B1,ITV,Vaccinium myrtillus,VACMYR,2021,4,8,0.0818,0.0338,5.874,8,0.73425,173.78698224852073,0.41320293398533003,0.0904429575557355,8
B12,ITV,Solidago virgaurea,SOLVIR,2021,2,2,0.4788,0.1107,28.175,2,14.0875,254.516711833785,0.231203007518797,2.73296770928601,2
B12,ITV,Vaccinium myrtillus,VACMYR,2021,4,8,0.0773,0.0321,5.643,8,0.705375,175.7943925233645,0.4152652005174644,0.104379715462345,8
B12,ITV,Vaccinium vitis-idaea,VACVIT,2021,4,8,0.1948,0.0836,5.925,8,0.740625,70.87320574162679,0.42915811088295686,0.139932573048594,8
B11,ITV,Solidago virgaurea,SOLVIR,2021,4,4,0.4588,0.1028,25.436,4,6.359,247.431906614786,0.22406277244986925,3.57673864481784,4
B11,ITV,Vaccinium uliginosum,VACULI,2021,4,8,0.2852,0.1101,13.411,8,1.676375,121.80744777475022,0.38604488078541377,0.610216106333299,8
B11,ITV,Vaccinium myrtillus,VACMYR,2021,4,8,0.1022,0.045,6.308,8,0.7885,140.17777777777778,0.44031311154598823,0.181281942998035,8
B11,ITV,Vaccinium vitis-idaea,VACVIT,2021,4,8,0.1892,0.0915,5.053,8,0.631625,55.224043715846996,0.483615221987315,0.261917619273149,8
B9,ITV,Solidago virgaurea,SOLVIR,2021,4,8,0.2162,0.044,15.865,4,1.983125,360.56818181818187,0.20351526364477335,1.2723077130422,4
B9,ITV,Vaccinium myrtillus,VACMYR,2021,4,8,0.1247,0.0482,9.02,8,1.1275,187.13692946058092,0.3865276663993584,0.34672879479913,8
B9,ITV,Vaccinium vitis-idaea,VACVIT,2021,4,8,0.1333,0.0502,4.8,8,0.6,95.61752988047809,0.3765941485371343,0.20888479394838,8
B10,ITV,Solidago virgaurea,SOLVIR,2021,4,4,0.3602,0.0772,24.136,4,6.034,312.6424870466321,0.21432537479178235,0.912587164786648,4
B10,ITV,Vaccinium myrtillus,VACMYR,2021,4,8,0.1565,0.0595,10.275,8,1.284375,172.68907563025212,0.3801916932907348,0.508288426978227,8
B10,ITV,Vaccinium vitis-idaea,VACVIT,2021,4,8,0.2225,0.0875,7.424,8,0.928,84.8457142857143,0.3932584269662921,0.217031926551964,8
B8,ITV,Solidago virgaurea,SOLVIR,2021,4,4,0.2412,0.0515,17.028,4,4.257,330.6407766990291,0.21351575456053068,1.30553769254919,4
B8,ITV,Vaccinium myrtillus,VACMYR,2021,4,8,0.1025,0.0398,6.874,8,0.85925,172.71356783919597,0.38829268292682934,0.23949217106202,8
B8,ITV,Vaccinium vitis-idaea,VACVIT,2021,4,8,0.1579,0.07,4.81,8,0.60125,68.71428571428571,0.44331855604813175,0.135514627571027,8
B5,ITV,Vaccinium myrtillus,VACMYR,2021,4,8,0.0508,0.0218,3.681,8,0.460125,168.85321100917432,0.42913385826771655,0.193243323669557,8
B5,ITV,Vaccinium vitis-idaea,VACVIT,2021,4,8,0.1392,0.071,3.581,8,0.447625,50.43661971830986,0.5100574712643678,0.093328815792031,8
B3,ITV,Solidago virgaurea,SOLVIR,2021,4,4,0.1993,0.047,11.827,4,2.95675,251.63829787234042,0.23582538886101354,0.826122821780555,4
B3,ITV,Vaccinium vitis-idaea,VACVIT,2021,4,8,0.1319,0.0448,5.237,8,0.654625,116.89732142857143,0.33965125094768767,0.152792985534583,8
B3,ITV,Vaccinium myrtillus,VACMYR,2021,4,8,0.05,0.0218,3.551,8,0.443875,162.88990825688074,0.436,0.0861036543110354,8
B22,ITV,Solidago virgaurea,SOLVIR,2021,4,8,0.4601,0.0939,28.933,4,3.616625,308.12566560170393,0.20408606824603345,2.56105920470418,4
B22,ITV,Vaccinium vitis-idaea,VACVIT,2021,4,8,0.1303,0.0611,3.657,8,0.457125,59.85270049099836,0.4689178818112049,0.153086751782865,8
B22,ITV,Vaccinium uliginosum,VACULI,2021,1,2,0.0465,0.0148,2.455,2,1.2275,165.8783783783784,0.31827956989247314,0.135057395206631,2
B22,ITV,Vaccinium myrtillus,VACMYR,2021,3,6,0.0511,0.0211,3.979,6,0.6631666666666667,188.5781990521327,0.4129158512720157,0.231420324662003,6
B4,ITV,Vaccinium vitis-idaea,VACVIT,2021,4,8,0.1452,0.0701,4.326,8,0.54075,61.711840228245364,0.4827823691460055,0.192482095642315,8
B4,ITV,Vaccinium myrtillus,VACMYR,2021,4,8,0.0786,0.0328,5.675,8,0.709375,173.0182926829268,0.4173027989821883,0.183186819160893,8
B2,ITV,Solidago virgaurea,SOLVIR,2021,2,2,0.1376,0.0301,9.782,2,4.891,324.98338870431894,0.21875,2.38153563903629,2
B2,ITV,Vaccinium uliginosum,VACULI,2021,4,8,0.1688,0.0584,8.905,8,1.113125,152.48287671232876,0.3459715639810426,0.325779258087436,8
B2,ITV,Vaccinium myrtillus,VACMYR,2021,4,8,0.1214,0.0478,8.526,8,1.06575,178.36820083682008,0.3937397034596376,0.246367176617109,8
B2,ITV,Vaccinium vitis-idaea,VACVIT,2021,4,8,0.1266,0.0408,5.919,8,0.739875,145.0735294117647,0.32227488151658773,0.197250701610195,8
B20,ITV,Solidago virgaurea,SOLVIR,2021,4,4,0.5528,0.1147,37.492,4,9.373,326.87009590235397,0.2074891461649783,3.66382978134447,4
B20,ITV,Bistorta vivipara,BISVIV,2021,4,4,0.5474,0.1076,25.089,4,6.27225,233.16914498141261,0.19656558275484107,0.655331150386327,4
B13,ITV,Solidago virgaurea,SOLVIR,2021,2,2,0.316,0.0585,21.905,2,10.9525,374.44444444444446,0.18512658227848103,1.440376513277,2
B13,ITV,Vaccinium myrtillus,VACMYR,2021,4,8,0.089,0.0356,7.139,8,0.892375,200.53370786516854,0.4,0.35671915223524,8
B13,ITV,Vaccinium vitis-idaea,VACVIT,2021,4,8,0.3384,0.159,9.474,8,1.18425,59.58490566037736,0.46985815602836883,0.30329982808153,8
B23,ITV,Solidago virgaurea,SOLVIR,2021,4,4,0.3925,0.0884,25.385,4,6.34625,287.1606334841629,0.22522292993630574,3.8130290998977,4
B23,ITV,Vaccinium myrtillus,VACMYR,2021,4,8,0.1236,0.0477,9.432,8,1.179,197.7358490566038,0.3859223300970874,0.245123875388984,8
B23,ITV,Vaccinium vitis-idaea,VACVIT,2021,4,8,0.1655,0.0702,5.35,8,0.66875,76.21082621082621,0.4241691842900302,0.174339365278512,8
B23,ITV,Vaccinium uliginosum,VACULI,2021,4,8,0.134,0.0466,7.518,8,0.93975,161.33047210300427,0.34776119402985073,0.096234460712218,8
B18,ITV,Vaccinium myrtillus,VACMYR,2021,4,8,0.096,0.0429,8.059,8,1.007375,187.85547785547783,0.446875,0.192761834915525,8
B18,ITV,Vaccinium vitis-idaea,VACVIT,2021,4,8,0.2305,0.1028,7.089,8,0.886125,68.9591439688716,0.4459869848156182,0.404134856381947,8
B21,ITV,Solidago virgaurea,SOLVIR,2021,4,4,0.3922,0.0891,26.726,4,6.6815,299.95510662177327,0.22718001019887812,2.78148695245307,4
B21,ITV,Vaccinium myrtillus,VACMYR,2021,4,8,0.0874,0.0357,6.335,8,0.791875,177.45098039215685,0.408466819221968,0.24417408163615,8
B21,ITV,Vaccinium uliginosum,VACULI,2021,4,8,0.2526,0.0867,12.288,8,1.536,141.73010380622839,0.3432304038004751,0.438583433991103,8
B21,ITV,Vaccinium vitis-idaea,VACVIT,2021,4,8,0.1486,0.0734,4.133,8,0.516625,56.30790190735694,0.4939434724091521,0.216190350980664,8
B17,ITV,Vaccinium vitis-idaea,VACVIT,2021,4,8,0.205,0.0942,5.712,8,0.714,60.636942675159226,0.4595121951219513,0.221891865556176,8
B17,ITV,Vaccinium myrtillus,VACMYR,2021,4,8,0.0834,0.0335,5.586,8,0.69825,166.7462686567164,0.40167865707434053,0.308435105469067,8
B6,ITV,Vaccinium myrtillus,VACMYR,2021,4,8,0.0907,0.0363,6.471,8,0.808875,178.26446280991738,0.4002205071664829,0.189146532387685,8
B6,ITV,Vaccinium vitis-idaea,VACVIT,2021,4,8,0.1691,0.0751,5.087,8,0.635875,67.7363515312916,0.44411590774689536,0.118831738785802,8
B19,ITV,Solidago virgaurea,SOLVIR,2021,4,4,0.5701,0.1197,34.798,4,8.6995,290.71010860484546,0.2099631643571303,2.20442380982726,4
B19,ITV,Bistorta vivipara,BISVIV,2021,4,4,0.4056,0.0834,17.689,4,4.42225,212.09832134292566,0.20562130177514792,2.27916481413697,4
B19,ITV,Vaccinium uliginosum,VACULI,2021,4,8,0.1649,0.0606,10.069,8,1.258625,166.15511551155117,0.36749545178896303,0.444930151018915,8
B19,ITV,Vaccinium vitis-idaea,VACVIT,2021,4,8,0.2817,0.1236,8.707,8,1.088375,70.44498381877023,0.4387646432374867,0.327629554527671,8
B7,ITV,Solidago virgaurea,SOLVIR,2021,4,4,0.2766,0.0577,20.541,4,5.13525,355.9965337954939,0.20860448300795373,1.81520345507971,4
B7,ITV,Bistorta vivipara,BISVIV,2021,4,4,0.3344,0.0655,16.403,4,4.10075,250.4274809160305,0.1958732057416268,1.59922989279215,4
B7,ITV,Vaccinium uliginosum,VACULI,2021,4,8,0.1507,0.0533,8.57,8,1.07125,160.78799249530957,0.3536828135368281,0.210674935793104,8
B7,ITV,Vaccinium vitis-idaea,VACVIT,2021,4,8,0.1495,0.0638,4.661,8,0.582625,73.0564263322884,0.42675585284280937,0.21778425595726,8
B7,ITV,Vaccinium myrtillus,VACMYR,2021,4,8,0.0726,0.0297,6.023,8,0.752875,202.7946127946128,0.4090909090909091,0.219501016919219,8
B25,ITV,Vaccinium myrtillus,VACMYR,2021,4,8,0.0904,0.0384,6.567,8,0.820875,171.01562500000003,0.4247787610619469,0.179007132738974,8
B25,ITV,Vaccinium vitis-idaea,VACVIT,2021,3,6,0.1233,0.0562,3.818,6,0.6363333333333333,67.93594306049822,0.4557988645579886,0.330584129483959,6
B24,ITV,Vaccinium myrtillus,VACMYR,2021,4,8,0.0635,0.0295,4.794,8,0.59925,162.50847457627117,0.4645669291338582,0.181650960439441,8
B24,ITV,Vaccinium vitis-idaea,VACVIT,2021,4,8,0.1014,0.0428,3.292,8,0.4115,76.91588785046729,0.4220907297830374,0.119150565012748,8
B16,ITV,Vaccinium myrtillus,VACMYR,2021,4,8,0.1354,0.0532,9.874,8,1.23425,185.60150375939853,0.3929098966026588,0.315125258542422,8
B16,ITV,Vaccinium uliginosum,VACULI,2021,4,8,0.255,0.0987,12.241,8,1.530125,124.02228976697062,0.38705882352941173,0.590476668826611,8
B16,ITV,Vaccinium vitis-idaea,VACVIT,2021,4,8,0.2179,0.0912,6.423,8,0.802875,70.42763157894737,0.41854061496099126,0.242761162756437,8
C23,ITV,Vaccinium vitis-idaea,VACVIT,2021,4,8,0.187,0.0685,6.244,8,0.7805,91.15328467153283,0.3663101604278075,0.263481091758566,8
C23,ITV,Vaccinium uliginosum,VACULI,2021,4,8,0.1416,0.0544,7.083,8,0.885375,130.20220588235296,0.38418079096045193,0.225145627475704,8
C23,ITV,Vaccinium myrtillus,VACMYR,2021,4,8,0.093,0.0393,6.406,8,0.80075,163.00254452926208,0.42258064516129035,0.217231114582735,8
C25,ITV,Vaccinium myrtillus,VACMYR,2021,4,8,0.063,0.0266,4.713,8,0.589125,177.18045112781957,0.4222222222222222,0.155781382988194,8
C25,ITV,Vaccinium vitis-idaea,VACVIT,2021,4,8,0.2189,0.1069,6.414,8,0.80175,60,0.4883508451347647,0.242543515977767,8
C22,ITV,Vaccinium myrtillus,VACMYR,2021,4,8,0.0637,0.0271,4.763,8,0.595375,175.75645756457564,0.4254317111459968,0.227258781065614,8
C22,ITV,Vaccinium vitis-idaea,VACVIT,2021,4,8,0.1606,0.0794,4.763,8,0.595375,59.987405541561714,0.4943960149439602,0.282097722429657,8
C21,ITV,Vaccinium vitis-idaea,VACVIT,2021,4,8,0.3208,0.1466,9.449,8,1.181125,64.45429740791268,0.4569825436408978,0.497822813430068,8
C21,ITV,Vaccinium myrtillus,VACMYR,2021,4,8,0.0645,0.0276,4.702,8,0.58775,170.36231884057972,0.42790697674418604,0.139791426264785,8
C24,ITV,Solidago virgaurea,SOLVIR,2021,2,2,0.289,0.0599,15.627,2,7.8135,260.8848080133556,0.20726643598615918,7.51442376366944,2
C24,ITV,Vaccinium myrtillus,VACMYR,2021,4,8,0.0929,0.0391,6.516,8,0.8145,166.64961636828644,0.42088266953713677,0.159595023194871,8
C24,ITV,Vaccinium vitis-idaea,VACVIT,2021,4,8,0.1572,0.0654,5.724,8,0.7155,87.52293577981652,0.416030534351145,0.316046560765069,8
C24,ITV,Vaccinium uliginosum,VACULI,2021,4,8,0.136,0.0503,7.459,8,0.932375,148.29025844930416,0.36985294117647055,0.221111437644331,8
C16,ITV,Vaccinium uliginosum,VACULI,2021,4,8,0.129,0.0385,7.398,8,0.92475,192.15584415584416,0.29844961240310075,0.100739763747986,8
C16,ITV,Vaccinium myrtillus,VACMYR,2021,4,8,0.1465,0.0528,11.858,8,1.48225,224.58333333333334,0.3604095563139932,0.670704480378654,8
C17,ITV,Vaccinium myrtillus,VACMYR,2021,4,8,0.0902,0.0363,7.243,8,0.905375,199.53168044077137,0.40243902439024387,0.297684846535968,8
C17,ITV,Vaccinium uliginosum,VACULI,2021,4,8,0.1954,0.0759,10.538,8,1.31725,138.84057971014494,0.3884339815762538,0.258284864884823,8
C17,ITV,Vaccinium vitis-idaea,VACVIT,2021,4,8,0.1683,0.0647,6.333,8,0.791625,97.88253477588873,0.3844325609031491,0.355236314705738,8
C17,ITV,Betula nana,BETNAN,2021,1,4,0.0516,0.0224,2.84,4,0.71,126.78571428571428,0.43410852713178294,0.13740693820425,4
C15,ITV,Betula nana,BETNAN,2021,1,4,0.058,0.0258,3.002,4,0.7505,116.35658914728681,0.44482758620689655,0.122687951051981,4
C15,ITV,Solidago virgaurea,SOLVIR,2021,3,3,0.1772,0.0435,10.153,3,3.3843333333333336,233.40229885057474,0.24548532731376974,0.968692073536959,3
C15,ITV,Vaccinium myrtillus,VACMYR,2021,4,8,0.0705,0.0316,5.571,8,0.696375,176.29746835443035,0.44822695035461,0.107997271790938,8
C15,ITV,Vaccinium vitis-idaea,VACVIT,2021,4,8,0.132,0.0558,4.146,8,0.51825,74.3010752688172,0.42272727272727273,0.202209050242565,8
C19,ITV,Betula nana,BETNAN,2021,4,8,0.1452,0.0607,7.08,8,0.885,116.63920922570017,0.4180440771349862,0.103724910907926,8
C19,ITV,Vaccinium myrtillus,VACMYR,2021,4,8,0.0671,0.0285,5.267,8,0.658375,184.80701754385964,0.42473919523099846,0.179951531172782,8
C19,ITV,Vaccinium vitis-idaea,VACVIT,2021,4,8,0.1228,0.0592,4.093,8,0.511625,69.13851351351352,0.4820846905537459,0.203057301905504,8
C14,ITV,Betula nana,BETNAN,2021,3,6,0.0592,0.0228,2.837,6,0.4728333333333334,124.4298245614035,0.38513513513513514,0.135560195731146,6
C14,ITV,Vaccinium myrtillus,VACMYR,2021,4,8,0.0677,0.0291,5.351,8,0.668875,183.8831615120275,0.42983751846381096,0.244017819899636,8
C14,ITV,Vaccinium vitis-idaea,VACVIT,2021,4,8,0.1316,0.0612,4.452,8,0.5565,72.74509803921569,0.46504559270516715,0.124192247285063,8
C18,ITV,Betula nana,BETNAN,2021,1,4,0.0354,0.0129,2.226,4,0.5565,172.5581395348837,0.3644067796610169,0.0625113323059641,4
C18,ITV,Vaccinium myrtillus,VACMYR,2021,4,8,0.0907,0.0361,6.451,8,0.806375,178.69806094182823,0.3980154355016538,0.207589524577436,8
C18,ITV,Vaccinium vitis-idaea,VACVIT,2021,4,8,0.1301,0.0599,4.098,8,0.51225,68.41402337228715,0.4604150653343582,0.177736361743213,8
C20,ITV,Betula nana,BETNAN,2021,1,4,0.0553,0.0242,2.787,4,0.69675,115.16528925619835,0.43761301989150087,0.0857763564936943,4
C20,ITV,Vaccinium myrtillus,VACMYR,2021,4,8,0.053900000000000003,0.024,4.162,8,0.52025,173.41666666666666,0.4452690166975881,0.116952676632169,8
C20,ITV,Vaccinium vitis-idaea,VACVIT,2021,4,8,0.1984,0.0926,5.708,8,0.7135,61.6414686825054,0.46673387096774194,0.396912008960604,8
C13,ITV,Betula nana,BETNAN,2021,4,8,0.1379,0.0566,7.942,8,0.99275,140.31802120141344,0.41044234952864395,0.592048682843855,8
C13,ITV,Vaccinium myrtillus,VACMYR,2021,4,8,0.0876,0.036,6.468,8,0.8085,179.66666666666669,0.410958904109589,0.178934145906891,8
C13,ITV,Vaccinium vitis-idaea,VACVIT,2021,4,8,0.1634,0.0696,5.573,8,0.696625,80.07183908045978,0.4259485924112607,0.225022498875112,8
C11,ITV,Vaccinium uliginosum,VACULI,2021,4,8,0.2475,0.1004,12.541,8,1.567625,124.91035856573706,0.40565656565656566,0.420646759679153,8
C11,ITV,Vaccinium myrtillus,VACMYR,2021,4,8,0.0745,0.0296,5.392,8,0.674,182.16216216216216,0.39731543624161075,0.158469465287706,8
C11,ITV,Betula nana,BETNAN,2021,4,8,0.0559,0.0244,3.147,8,0.393375,128.97540983606555,0.43649373881932024,0.0771620511835782,8
C11,ITV,Vaccinium vitis-idaea,VACVIT,2021,4,8,0.163,0.0688,5.485,8,0.685625,79.72383720930233,0.42208588957055215,0.176995510435394,8
C12,ITV,Betula nana,BETNAN,2021,4,8,0.116,0.0503,5.727,8,0.715875,113.8568588469185,0.43362068965517236,0.192777768057271,8
C12,ITV,Vaccinium vitis-idaea,VACVIT,2021,4,8,0.242,0.1198,7.502,8,0.93775,62.621035058430714,0.4950413223140496,0.156032734660757,8
C12,ITV,Vaccinium myrtillus,VACMYR,2021,4,8,0.0885,0.0364,6.656,8,0.832,182.85714285714283,0.4112994350282486,0.136566048907793,8
C9,ITV,Vaccinium myrtillus,VACMYR,2021,4,8,0.0624,0.0247,4.937,8,0.617125,199.87854251012146,0.39583333333333337,0.171006631032667,8
C9,ITV,Vaccinium vitis-idaea,VACVIT,2021,4,8,0.1924,0.0933,6.373,8,0.796625,68.30653804930333,0.48492723492723494,0.318053426554183,8
C3,ITV,Betula nana,BETNAN,2021,4,8,0.1194,0.0541,5.982,8,0.74775,110.57301293900184,0.45309882747068675,0.115987376160388,8
C3,ITV,Vaccinium myrtillus,VACMYR,2021,4,8,0.0587,0.0266,4.017,8,0.502125,151.01503759398497,0.4531516183986371,0.128605084880586,8
C3,ITV,Vaccinium vitis-idaea,VACVIT,2021,4,8,0.1232,0.0499,4.677,8,0.584625,93.72745490981963,0.4050324675324675,0.200697311178515,8
C3,ITV,Vaccinium uliginosum,VACULI,2021,4,8,0.1035,0.0416,5.414,8,0.67675,130.14423076923077,0.40193236714975844,0.247977965611002,8
C7,ITV,Betula nana,BETNAN,2021,4,8,0.1291,0.0598,6.559,8,0.819875,109.68227424749165,0.4632068164213788,0.158051924108141,8
C7,ITV,Vaccinium myrtillus,VACMYR,2021,4,8,0.0409,0.0181,3.129,8,0.391125,172.87292817679557,0.4425427872860636,0.118237578628793,8
C7,ITV,Vaccinium vitis-idaea,VACVIT,2021,4,8,0.1532,0.0772,4.167,8,0.520875,53.97668393782383,0.503916449086162,0.310331360921562,8
C10,ITV,Vaccinium myrtillus,VACMYR,2021,4,8,0.0611,0.0271,4.781,8,0.597625,176.42066420664207,0.44353518821603927,0.145641377068077,8
C10,ITV,Vaccinium vitis-idaea,VACVIT,2021,4,8,0.293,0.1452,8.561,8,1.070125,58.960055096418735,0.4955631399317406,0.534537567168376,8
C5,ITV,Betula nana,BETNAN,2021,4,8,0.142,0.0621,6.782,8,0.84775,109.21095008051529,0.4373239436619719,0.14943297589794,8
C5,ITV,Vaccinium vitis-idaea,VACVIT,2021,4,8,0.1554,0.0728,4.862,8,0.60775,66.78571428571428,0.46846846846846846,0.121948174003784,8
C5,ITV,Vaccinium myrtillus,VACMYR,2021,4,8,0.0457,0.0221,3.571,8,0.446375,161.5837104072398,0.4835886214442014,0.112215274615994,8
C1,ITV,Vaccinium vitis-idaea,VACVIT,2021,4,8,0.1053,0.0483,2.972,8,0.3715,61.53209109730849,0.4586894586894587,0.0876535387599546,8
C1,ITV,Vaccinium myrtillus,VACMYR,2021,4,8,0.0523,0.0238,3.773,8,0.471625,158.52941176470588,0.4550669216061186,0.140963964493463,8
C8,ITV,Betula nana,BETNAN,2021,4,8,0.0938,0.0436,4.144,8,0.518,95.04587155963303,0.464818763326226,0.0648845127900333,8
C8,ITV,Vaccinium myrtillus,VACMYR,2021,4,8,0.0909,0.0409,6.065,8,0.758125,148.28850855745722,0.44994499449944997,0.109033988802968,8
C8,ITV,Vaccinium vitis-idaea,VACVIT,2021,4,8,0.1738,0.0813,4.888,8,0.611,60.1230012300123,0.4677790563866513,0.126770884444565,8
C6,ITV,Vaccinium myrtillus,VACMYR,2021,4,8,0.0708,0.0304,5.023,8,0.627875,165.23026315789474,0.4293785310734463,0.0902448059447191,8
C6,ITV,Vaccinium vitis-idaea,VACVIT,2021,4,8,0.1136,0.0507,3.873,8,0.484125,76.3905325443787,0.44630281690140844,0.230110183235274,8
C4,ITV,Betula nana,BETNAN,2021,3,6,0.0903,0.0387,4.331,6,0.7218333333333334,111.9121447028424,0.42857142857142855,0.0667005747101677,6
C4,ITV,Vaccinium vitis-idaea,VACVIT,2021,4,8,0.139,0.0631,4.618,8,0.57725,73.18541996830427,0.45395683453237407,0.221739712275452,8
C4,ITV,Vaccinium myrtillus,VACMYR,2021,4,8,0.0664,0.0279,4.831,8,0.603875,173.1541218637993,0.42018072289156627,0.285122749255224,8
C2,ITV,Betula nana,BETNAN,2021,1,4,0.0402,0.0174,2.216,4,0.554,127.35632183908048,0.43283582089552236,0.0560654379572062,4
C2,ITV,Vaccinium vitis-idaea,VACVIT,2021,4,8,0.079,0.0298,3.093,8,0.386625,103.79194630872483,0.37721518987341773,0.17516517714921,8
C2,ITV,Vaccinium myrtillus,VACMYR,2021,4,8,0.0348,0.0167,2.459,8,0.307375,147.24550898203594,0.47988505747126436,0.1233553953884,8
D18,ITV,Vaccinium uliginosum,VACULI,2021,4,8,0.0656,0.0259,3.541,8,0.442625,136.71814671814673,0.39481707317073167,0.103633885109346,8
D18,ITV,Vaccinium vitis-idaea,VACVIT,2021,4,8,0.1177,0.0484,3.944,8,0.493,81.48760330578513,0.411214953271028,0.134317321508221,8
D18,ITV,Vaccinium myrtillus,VACMYR,2021,4,8,0.0612,0.0265,4.347,8,0.543375,164.03773584905662,0.43300653594771243,0.12059251042842,8
D14,ITV,Vaccinium myrtillus,VACMYR,2021,4,8,0.1267,0.0533,9.141,8,1.142625,171.50093808630393,0.42067876874506704,0.195619848174974,8
D15,ITV,Betula nana,BETNAN,2021,3,6,0.0806,0.035,4.197,6,0.6995,119.91428571428571,0.43424317617866004,0.15776026115597,6
D15,ITV,Vaccinium myrtillus,VACMYR,2021,4,8,0.0541,0.0244,3.893,8,0.486625,159.54918032786884,0.4510166358595194,0.280653796645313,8
D15,ITV,Vaccinium vitis-idaea,VACVIT,2021,4,8,0.1662,0.08,4.932,8,0.6165,61.650000000000006,0.48134777376654636,0.190816291607549,8
D13,ITV,Bistorta vivipara,BISVIV,2021,4,4,0.2154,0.0528,8.159,4,2.03975,154.52651515151516,0.24512534818941503,1.17425476366928,4
D13,ITV,Betula nana,BETNAN,2021,4,8,0.1601,0.063,8.135,8,1.016875,129.12698412698413,0.39350405996252347,0.174755696821101,8
D13,ITV,Vaccinium myrtillus,VACMYR,2021,4,8,0.0824,0.0334,6.081,8,0.760125,182.06586826347308,0.4053398058252427,0.210228744466593,8
D13,ITV,Vaccinium uliginosum,VACULI,2021,4,8,0.2129,0.0871,10.312,8,1.289,118.3926521239954,0.4091122592766557,0.491308457081699,8
D19,ITV,Betula nana,BETNAN,2021,3,6,0.1112,0.0506,5.389,6,0.8981666666666667,106.50197628458498,0.4550359712230216,0.230332296186763,6
D19,ITV,Vaccinium vitis-idaea,VACVIT,2021,4,8,0.1073,0.044,3.419,8,0.427375,77.70454545454545,0.4100652376514445,0.141299011724377,8
D12,ITV,Solidago virgaurea,SOLVIR,2021,1,1,0.2396,0.0467,15.511,1,15.511,332.14132762312636,0.19490818030050083,NA,1
D12,ITV,Vaccinium myrtillus,VACMYR,2021,4,8,0.0943,0.0388,6.59,8,0.82375,169.84536082474227,0.41145281018027574,0.294653670797236,8
D12,ITV,Vaccinium uliginosum,VACULI,2021,4,8,0.2389,0.1051,11.287,8,1.410875,107.39295908658421,0.43993302637086645,0.24307755229262001,8
D12,ITV,Vaccinium vitis-idaea,VACVIT,2021,4,8,0.2453,0.095,7.954,8,0.99425,83.72631578947367,0.38728088055442317,0.204177618753868,8
D12,ITV,Betula nana,BETNAN,2021,4,8,0.0961,0.0397,4.581,8,0.572625,115.39042821158691,0.4131113423517169,0.199563049471303,8
D11,ITV,Solidago virgaurea,SOLVIR,2021,4,4,0.261,0.0564,15.785,4,3.94625,279.8758865248227,0.2160919540229885,2.98319653783208,4
D11,ITV,Vaccinium uliginosum,VACULI,2021,4,8,0.1051,0.0397,5.815,8,0.726875,146.4735516372796,0.37773549000951473,0.308992111549793,8
D11,ITV,Betula nana,BETNAN,2021,3,6,0.0948,0.0402,4.906,6,0.8176666666666667,122.03980099502486,0.42405063291139244,0.164088593956639,6
D11,ITV,Vaccinium vitis-idaea,VACVIT,2021,4,8,0.2595,0.124,6.82,8,0.8525,55,0.4778420038535645,0.193542169639,8
D11,ITV,Vaccinium myrtillus,VACMYR,2021,4,8,0.0591,0.0241,4.293,8,0.536625,178.13278008298755,0.4077834179357022,0.116478002215011,8
D17,ITV,Bistorta vivipara,BISVIV,2021,4,4,0.2239,0.046,7.839,4,1.95975,170.41304347826087,0.20544886109870478,0.476420245161769,4
D17,ITV,Solidago virgaurea,SOLVIR,2021,2,2,0.2331,0.0532,12.283,2,6.1415,230.88345864661653,0.22822822822822822,0.502752921423635,2
D17,ITV,Vaccinium uliginosum,VACULI,2021,4,8,0.2417,0.0886,11.611,8,1.451375,131.04966139954854,0.36657012825817126,0.38847428210519,8
D17,ITV,Vaccinium vitis-idaea,VACVIT,2021,4,8,0.2357,0.0827,7.695,8,0.961875,93.04715840386942,0.3508697496817989,0.616949277262147,8
D17,ITV,Vaccinium myrtillus,VACMYR,2021,4,8,0.0822,0.0349,5.244,8,0.6555,150.25787965616044,0.42457420924574213,0.190087949569215,8
D17,ITV,Betula nana,BETNAN,2021,4,8,0.1198,0.044,6.87,8,0.85875,156.13636363636365,0.3672787979966611,0.176230976683604,8
D16,ITV,Solidago virgaurea,SOLVIR,2021,4,4,0.619,0.1089,40.326,4,10.0815,370.3030303030303,0.17592891760904686,4.1568202992191,4
D16,ITV,Vaccinium vitis-idaea,VACVIT,2021,4,8,0.3332,0.1581,10.311,8,1.288875,65.21821631878558,0.4744897959183673,0.515295321012274,8
D16,ITV,Vaccinium uliginosum,VACULI,2021,4,8,0.322,0.11,17.224,8,2.153,156.5818181818182,0.3416149068322981,0.50280186384471,8
D16,ITV,Vaccinium myrtillus,VACMYR,2021,4,8,0.1608,0.0615,10.922,8,1.36525,177.59349593495935,0.3824626865671642,0.252001558952094,8
D16,ITV,Betula nana,BETNAN,2021,3,6,0.132,0.0547,6.635,6,1.1058333333333332,121.29798903107861,0.41439393939393937,0.074512862424327,6
D20,ITV,Betula nana,BETNAN,2021,3,6,0.081,0.0364,4.129,6,0.6881666666666666,113.43406593406591,0.44938271604938274,0.162521895960719,6
D20,ITV,Vaccinium myrtillus,VACMYR,2021,4,8,0.0389,0.0179,2.819,8,0.352375,157.48603351955308,0.4601542416452442,0.0597780119633107,8
D20,ITV,Vaccinium vitis-idaea,VACVIT,2021,4,8,0.1263,0.055,3.995,8,0.499375,72.63636363636364,0.435471100554236,0.135621255708683,8
D2,ITV,Vaccinium uliginosum,VACULI,2021,4,8,0.1675,0.0675,9.384,8,1.173,139.0222222222222,0.40298507462686567,0.235710476159692,8
D2,ITV,Betula nana,BETNAN,2021,4,8,0.105,0.0476,5.415,8,0.676875,113.76050420168066,0.45333333333333337,0.106881025310523,8
D2,ITV,Vaccinium vitis-idaea,VACVIT,2021,4,8,0.1974,0.0963,5.732,8,0.7165,59.52232606438214,0.4878419452887538,0.30330230087206,8
D8,ITV,Betula nana,BETNAN,2021,4,8,0.1204,0.0444,6.899,8,0.862375,155.38288288288288,0.36877076411960136,0.205918803345951,8
D8,ITV,Vaccinium uliginosum,VACULI,2021,4,8,0.0909,0.034,6.181,8,0.772625,181.7941176470588,0.3740374037403741,0.203277387892927,8
D8,ITV,Vaccinium vitis-idaea,VACVIT,2021,4,8,0.2853,0.1428,6.938,8,0.86725,48.58543417366946,0.5005257623554153,0.384296667395684,8
D8,ITV,Vaccinium myrtillus,VACMYR,2021,4,8,0.0473,0.0192,3.771,8,0.471375,196.40625,0.40591966173361516,0.108748645311759,8
D7,ITV,Betula nana,BETNAN,2021,2,4,0.0779,0.0337,3.849,4,0.96225,114.21364985163206,0.4326059050064185,0.195008333155278,4
D7,ITV,Vaccinium myrtillus,VACMYR,2021,4,8,0.0994,0.0431,7.033,8,0.879125,163.1786542923434,0.4336016096579477,0.60991227413691,8
D7,ITV,Vaccinium uliginosum,VACULI,2021,4,8,0.1426,0.058,7.624,8,0.953,131.44827586206895,0.4067321178120617,0.311713696477118,8
D7,ITV,Vaccinium vitis-idaea,VACVIT,2021,4,8,0.2002,0.088,6.067,8,0.758375,68.94318181818183,0.43956043956043955,0.22074739118342,8
D6,ITV,Betula nana,BETNAN,2021,3,6,0.093,0.0374,4.793,6,0.7988333333333334,128.15508021390374,0.4021505376344086,0.237169489324969,6
D6,ITV,Vaccinium uliginosum,VACULI,2021,4,8,0.2757,0.1007,12.232,8,1.529,121.46971201588877,0.36525208560029016,0.508897969004734,8
D6,ITV,Vaccinium vitis-idaea,VACVIT,2021,4,8,0.2057,0.0938,5.77,8,0.72125,61.513859275053306,0.45600388915896933,0.224883938319938,8
D6,ITV,Vaccinium myrtillus,VACMYR,2021,4,8,0.0748,0.0324,5.808,8,0.726,179.25925925925927,0.4331550802139037,0.163448550227368,8
D4,ITV,Betula nana,BETNAN,2021,4,8,0.0976,0.0414,5.298,8,0.66225,127.97101449275362,0.4241803278688524,0.152401490431407,8
D4,ITV,Vaccinium uliginosum,VACULI,2021,4,8,0.229,0.0891,11.461,8,1.432625,128.6307519640853,0.3890829694323144,0.38414057601724,8
D4,ITV,Vaccinium myrtillus,VACMYR,2021,4,8,0.0726,0.0312,4.927,8,0.615875,157.91666666666666,0.4297520661157025,0.198737039110191,8
D4,ITV,Vaccinium vitis-idaea,VACVIT,2021,4,8,0.1653,0.0812,4.715,8,0.589375,58.06650246305419,0.49122807017543857,0.146856526193814,8
D9,ITV,Vaccinium myrtillus,VACMYR,2021,4,8,0.097,0.0334,7.518,8,0.93975,225.08982035928145,0.3443298969072165,0.208472505895348,8
D9,ITV,Betula nana,BETNAN,2021,2,4,0.0839,0.0263,5.059,4,1.26475,192.3574144486692,0.3134684147794994,0.174734799052736,4
D9,ITV,Vaccinium vitis-idaea,VACVIT,2021,4,8,0.1277,0.0567,3.944,8,0.493,69.55908289241623,0.4440093970242756,0.105960909234086,8
D10,ITV,Vaccinium vitis-idaea,VACVIT,2021,4,8,0.199,0.0936,5.817,8,0.727125,62.1474358974359,0.47035175879396984,0.223266296797601,8
D10,ITV,Vaccinium myrtillus,VACMYR,2021,4,8,0.0665,0.0285,5.119,8,0.639875,179.6140350877193,0.42857142857142855,0.24823113509101,8
D5,ITV,Betula nana,BETNAN,2021,3,6,0.1006,0.0415,5.311,6,0.8851666666666667,127.97590361445782,0.41252485089463226,0.151445589789425,6
D5,ITV,Vaccinium myrtillus,VACMYR,2021,4,8,0.0755,0.0336,5.395,8,0.674375,160.56547619047618,0.44503311258278144,0.300907170070771,8
D5,ITV,Vaccinium vitis-idaea,VACVIT,2021,4,7,0.099,0.0399,3.943,7,0.5632857142857143,98.82205513784461,0.403030303030303,0.160052818662793,7
D3,ITV,Betula nana,BETNAN,2021,2,4,0.0711,0.03,3.896,4,0.974,129.86666666666667,0.4219409282700422,0.192275843516548,4
D3,ITV,Vaccinium uliginosum,VACULI,2021,4,8,0.2069,0.0789,11.165,8,1.395625,141.5082382762991,0.38134364427259543,0.34313051973182,8
D3,ITV,Vaccinium vitis-idaea,VACVIT,2021,4,8,0.2276,0.1121,6.271,8,0.783875,55.941123996431756,0.49253075571177507,0.188282794525378,8
D3,ITV,Vaccinium myrtillus,VACMYR,2021,4,8,0.0502,0.0213,3.889,8,0.486125,182.58215962441315,0.42430278884462147,0.217139479532002,8
D1,ITV,Solidago virgaurea,SOLVIR,2021,1,1,0.1007,0.028,5.191,1,5.191,185.39285714285714,0.27805362462760674,NA,1
D1,ITV,Vaccinium vitis-idaea,VACVIT,2021,4,8,0.2327,0.114,5.875,8,0.734375,51.53508771929825,0.4899011602922218,0.203546370638241,8
D25,ITV,Betula nana,BETNAN,2021,2,4,0.0686,0.0311,3.178,4,0.7945,102.18649517684888,0.4533527696793003,0.0970034363652478,4
D25,ITV,Vaccinium myrtillus,VACMYR,2021,4,8,0.0799,0.0346,5.643,8,0.705375,163.09248554913296,0.4330413016270338,0.295426537883302,8
D25,ITV,Vaccinium vitis-idaea,VACVIT,2021,4,7,0.1194,0.0503,3.675,7,0.525,73.06163021868787,0.4212730318257956,0.146123235660863,7
D21,ITV,Vaccinium uliginosum,VACULI,2021,3,6,0.1114,0.0441,5.875,6,0.9791666666666666,133.21995464852608,0.39587073608617596,0.455003040282883,6
D21,ITV,Betula nana,BETNAN,2021,4,8,0.1157,0.0527,5.796,8,0.7245,109.9810246679317,0.4554883318928263,0.134682695887143,8
D21,ITV,Vaccinium myrtillus,VACMYR,2021,4,8,0.0522,0.0233,3.611,8,0.451375,154.9785407725322,0.446360153256705,0.104267427457339,8
D21,ITV,Vaccinium vitis-idaea,VACVIT,2021,4,8,0.1514,0.0579,5.408,8,0.676,93.40241796200345,0.38243064729194187,0.259866998949188,8
D23,ITV,Vaccinium vitis-idaea,VACVIT,2021,4,8,0.1888,0.0879,5.869,8,0.733625,66.76905574516495,0.46557203389830515,0.188089596811125,8
D23,ITV,Betula nana,BETNAN,2021,4,8,0.096,0.0455,4.538,8,0.56725,99.73626373626375,0.4739583333333333,0.112757324754156,8
D23,ITV,Vaccinium myrtillus,VACMYR,2021,4,8,0.0433,0.0194,3.036,8,0.3795,156.49484536082474,0.44803695150115475,0.0539629502529282,8
D24,ITV,Betula nana,BETNAN,2021,4,8,0.079,0.0346,4.244,8,0.5305,122.65895953757226,0.4379746835443038,0.0781756264537009,8
D24,ITV,Vaccinium myrtillus,VACMYR,2021,4,8,0.1055,0.0465,7.571,8,0.946375,162.81720430107526,0.44075829383886256,0.139025113353153,8
D24,ITV,Vaccinium vitis-idaea,VACVIT,2021,4,8,0.2035,0.0973,5.69,8,0.71125,58.47893114080165,0.4781326781326782,0.383897958912447,8
D22,ITV,Betula nana,BETNAN,2021,4,8,0.0813,0.0364,4.311,8,0.538875,118.43406593406593,0.4477244772447725,0.23027278078711,8
D22,ITV,Vaccinium myrtillus,VACMYR,2021,4,7,0.0433,0.019,2.801,7,0.4001428571428572,147.42105263157896,0.43879907621247116,0.131177270098429,7
D22,ITV,Vaccinium vitis-idaea,VACVIT,2021,4,8,0.1143,0.0562,3.463,8,0.432875,61.619217081850536,0.4916885389326334,0.174687833822835,8
E19,ITV,Betula nana,BETNAN,2021,4,8,0.1284,0.0583,6.49,8,0.81125,111.32075471698114,0.45404984423676015,0.273220868268042,8
E19,ITV,Vaccinium vitis-idaea,VACVIT,2021,4,8,0.1283,0.0592,3.458,8,0.43225,58.41216216216216,0.46141855027279816,0.132306732362988,8
E21,ITV,Betula nana,BETNAN,2021,4,8,0.117,0.05,6.296,8,0.787,125.92,0.42735042735042733,0.262860093151145,8
E21,ITV,Vaccinium vitis-idaea,VACVIT,2021,4,8,0.099,0.0442,3.29,8,0.41125,74.43438914027149,0.44646464646464645,0.107228394427169,8
E18,ITV,Betula nana,BETNAN,2021,3,6,0.1326,0.0563,5.728,6,0.9546666666666667,101.74067495559501,0.4245852187028658,0.293318029903834,6
E18,ITV,Vaccinium vitis-idaea,VACVIT,2021,4,8,0.0651,0.0288,2.358,8,0.29475,81.875,0.44239631336405527,0.0449372578475494,8
E17,ITV,Betula nana,BETNAN,2021,4,8,0.1212,0.0545,6.266,8,0.78325,114.97247706422019,0.44966996699669964,0.0992352903817128,8
E17,ITV,Vaccinium myrtillus,VACMYR,2021,3,6,0.0304,0.0133,1.995,6,0.3325,150.00000000000003,0.4375,0.103766564942664,6
E17,ITV,Vaccinium vitis-idaea,VACVIT,2021,4,8,0.0938,0.0376,3.208,8,0.401,85.31914893617021,0.4008528784648188,0.0703602972461844,8
E20,ITV,Vaccinium vitis-idaea,VACVIT,2021,4,8,0.1207,0.0473,4.196,8,0.5245,88.71035940803382,0.39188069594034797,0.141565734352834,8
E20,ITV,Betula nana,BETNAN,2021,4,8,0.1077,0.048,5.135,8,0.641875,106.97916666666666,0.4456824512534819,0.156872502825885,8
E1,ITV,Vaccinium uliginosum,VACULI,2021,4,8,0.1066,0.0431,5.984,8,0.748,138.8399071925754,0.4043151969981238,0.178955700823256,8
E1,ITV,Solidago virgaurea,SOLVIR,2021,4,4,0.1481,0.0316,11.065,4,2.76625,350.1582278481012,0.2133693450371371,1.05837465798585,4
E1,ITV,Betula nana,BETNAN,2021,3,6,0.1202,0.0488,6.352,6,1.0586666666666666,130.1639344262295,0.40599001663893514,0.248213349090388,6
E1,ITV,Vaccinium myrtillus,VACMYR,2021,4,8,0.0766,0.0336,5.774,8,0.72175,171.8452380952381,0.4386422976501305,0.230918507579746,8
E1,ITV,Vaccinium vitis-idaea,VACVIT,2021,4,8,0.1444,0.0658,4.613,8,0.576625,70.10638297872342,0.4556786703601108,0.180393171790319,8
E16,ITV,Betula nana,BETNAN,2021,4,8,0.1623,0.0744,7.176,8,0.897,96.45161290322582,0.4584103512014787,0.214044054210476,8
E16,ITV,Vaccinium vitis-idaea,VACVIT,2021,4,8,0.111,0.0518,3.377,8,0.422125,65.19305019305018,0.4666666666666667,0.115374467960389,8
E23,ITV,Betula nana,BETNAN,2021,4,8,0.1298,0.0574,6.259,8,0.782375,109.0418118466899,0.44221879815100157,0.292480005421616,8
E23,ITV,Vaccinium vitis-idaea,VACVIT,2021,4,8,0.0934,0.0372,3.006,8,0.37575,80.80645161290323,0.3982869379014989,0.135887295737523,8
E22,ITV,Vaccinium vitis-idaea,VACVIT,2021,4,8,0.1146,0.0512,3.517,8,0.439625,68.69140625,0.44677137870855155,0.0403871885627113,8
E3,ITV,Solidago virgaurea,SOLVIR,2021,4,4,0.2594,0.063,14.509,4,3.62725,230.30158730158732,0.2428681572860447,1.98837242906521,4
E3,ITV,Betula nana,BETNAN,2021,4,8,0.2047,0.0793,9.247,8,1.155875,116.6078184110971,0.3873961895456766,0.306915734130955,8
E3,ITV,Vaccinium myrtillus,VACMYR,2021,4,8,0.0791,0.035,6.253,8,0.781625,178.65714285714284,0.4424778761061947,0.146806906707903,8
E3,ITV,Vaccinium vitis-idaea,VACVIT,2021,4,8,0.1508,0.0704,4.49,8,0.56125,63.77840909090909,0.46684350132626,0.113599232894794,8
E5,ITV,Vaccinium myrtillus,VACMYR,2021,4,8,0.0632,0.0275,4.483,8,0.560375,163.0181818181818,0.435126582278481,0.131332661044931,8
E5,ITV,Betula nana,BETNAN,2021,1,4,0.0465,0.0209,1.866,5,0.4665,89.28229665071771,0.4494623655913978,0.204893142881845,5
E5,ITV,Vaccinium vitis-idaea,VACVIT,2021,4,8,0.1888,0.0924,4.962,9,0.62025,53.701298701298704,0.4894067796610169,0.22540629982323,9
E24,ITV,Betula nana,BETNAN,2021,2,4,0.0714,0.0311,3.147,4,0.78675,101.18971061093247,0.4355742296918767,0.0643292313027289,4
E24,ITV,Vaccinium vitis-idaea,VACVIT,2021,4,8,0.0511,0.0241,1.493,8,0.186625,61.950207468879675,0.4716242661448141,0.0386150877248777,8
E25,ITV,Betula nana,BETNAN,2021,3,6,0.0877,0.0417,4.27,6,0.7116666666666666,102.39808153477217,0.475484606613455,0.238760689114994,6
E25,ITV,Vaccinium vitis-idaea,VACVIT,2021,3,6,0.1041,0.0461,3.175,6,0.5291666666666667,68.87201735357917,0.44284341978866476,0.0415086336400834,6
E25,ITV,Vaccinium myrtillus,VACMYR,2021,4,8,0.0429,0.0197,2.673,8,0.334125,135.68527918781726,0.45920745920745915,0.0792382258040362,8
E7,ITV,Betula nana,BETNAN,2021,3,6,0.1189,0.052,5.67,6,0.945,109.03846153846155,0.4373423044575273,0.31043711118357,6
E7,ITV,Vaccinium uliginosum,VACULI,2021,4,8,0.1053,0.0432,6.081,8,0.760125,140.76388888888889,0.41025641025641024,0.203968090991844,8
E7,ITV,Vaccinium myrtillus,VACMYR,2021,4,8,0.0474,0.0207,3.638,8,0.45475,175.7487922705314,0.43670886075949367,0.103643275572651,8
E7,ITV,Vaccinium vitis-idaea,VACVIT,2021,4,8,0.1147,0.048,3.743,8,0.467875,77.97916666666666,0.41848299912816045,0.140314379163363,8
E8,ITV,Solidago virgaurea,SOLVIR,2021,4,4,0.1602,0.041,10.953,4,2.73825,267.1463414634146,0.25593008739076156,1.19570268740464,4
E8,ITV,Vaccinium myrtillus,VACMYR,2021,4,8,0.0612,0.0254,5.239,8,0.654875,206.25984251968504,0.4150326797385621,0.293204188968322,8
E8,ITV,Vaccinium uliginosum,VACULI,2021,4,8,0.0837,0.0352,5.104,8,0.638,145,0.4205495818399045,0.154298412175887,8
E8,ITV,Vaccinium vitis-idaea,VACVIT,2021,4,8,0.1306,0.0617,4.072,8,0.509,65.9967585089141,0.4724349157733538,0.170578008966154,8
E8,ITV,Betula nana,BETNAN,2021,3,6,0.0963,0.041,4.742,6,0.7903333333333333,115.65853658536585,0.42575285565939774,0.243179494749592,6
E6,ITV,Vaccinium uliginosum,VACULI,2021,4,8,0.0747,0.0307,4.491,8,0.561375,146.28664495114003,0.4109772423025435,0.0780218604897738,8
E6,ITV,Solidago virgaurea,SOLVIR,2021,3,3,0.1459,0.0347,9.06,3,3.02,261.09510086455333,0.23783413296778616,1.61114090010775,3
E6,ITV,Betula nana,BETNAN,2021,3,6,0.0917,0.0384,4.094,6,0.6823333333333333,106.61458333333336,0.4187568157033805,0.208069860063073,6
E6,ITV,Vaccinium myrtillus,VACMYR,2021,4,8,0.0425,0.0183,3.587,8,0.448375,196.01092896174865,0.4305882352941176,0.102454083792274,8
E6,ITV,Vaccinium vitis-idaea,VACVIT,2021,4,8,0.0791,0.0324,2.804,8,0.3505,86.54320987654322,0.4096080910240202,0.120421877461816,8
E9,ITV,Solidago virgaurea,SOLVIR,2021,3,3,0.1176,0.0311,6.837,3,2.279,219.83922829581994,0.26445578231292516,1.06300141109972,3
E9,ITV,Vaccinium vitis-idaea,VACVIT,2021,4,8,0.1471,0.0738,4.066,8,0.50825,55.09485094850948,0.5016995241332427,0.113464594855463,8
E9,ITV,Vaccinium myrtillus,VACMYR,2021,4,8,0.036,0.0164,2.854,8,0.35675,174.02439024390242,0.4555555555555556,0.0598969352900702,8
E9,ITV,Betula nana,BETNAN,2021,4,4,0.1833,0.0743,7.902,8,1.9755,106.35262449528936,0.4053464266230224,0.142987262169947,8
E13,ITV,Vaccinium myrtillus,VACMYR,2021,4,7,0.0518,0.0226,3.948,7,0.564,174.69026548672568,0.43629343629343625,0.211898560636924,7
E13,ITV,Vaccinium vitis-idaea,VACVIT,2021,4,8,0.137,0.0632,3.805,8,0.475625,60.20569620253164,0.4613138686131387,0.088638813652453,8
E13,ITV,Betula nana,BETNAN,2021,2,4,0.0853,0.0359,3.886,4,0.9715,108.24512534818942,0.4208675263774912,0.109515600106408,4
E15,ITV,Vaccinium vitis-idaea,VACVIT,2021,4,8,0.1681,0.0759,4.577,8,0.572125,60.303030303030305,0.4515169541939322,0.133725131199359,8
E15,ITV,Betula nana,BETNAN,2021,4,8,0.1023,0.0465,5.066,8,0.63325,108.94623655913978,0.45454545454545453,0.0664997314709938,8
E11,ITV,Betula nana,BETNAN,2021,3,6,0.0874,0.0356,4.191,6,0.6985,117.7247191011236,0.40732265446224253,0.140021069843078,6
E11,ITV,Vaccinium vitis-idaea,VACVIT,2021,4,8,0.0814,0.0355,2.768,8,0.346,77.97183098591549,0.4361179361179361,0.048255273583013,8
E11,ITV,Vaccinium myrtillus,VACMYR,2021,4,8,0.0933,0.0408,6.098,8,0.76225,149.46078431372547,0.437299035369775,0.18566463622041,8
E12,ITV,Betula nana,BETNAN,2021,3,6,0.1345,0.0548,6.089,6,1.0148333333333335,111.11313868613139,0.4074349442379182,0.269750563793047,6
E12,ITV,Vaccinium myrtillus,VACMYR,2021,4,8,0.0589,0.0234,4.15,8,0.51875,177.35042735042737,0.3972835314091681,0.0920477360627936,8
E12,ITV,Vaccinium vitis-idaea,VACVIT,2021,4,8,0.1679,0.0773,4.777,8,0.597125,61.798188874514885,0.46039309112567,0.161176422859283,8
E14,ITV,Betula nana,BETNAN,2021,1,4,0.036,0.0167,1.779,4,0.44475,106.52694610778443,0.4638888888888889,0.0620235170452843,4
E14,ITV,Vaccinium vitis-idaea,VACVIT,2021,4,8,0.097,0.0435,2.976,8,0.372,68.41379310344828,0.44845360824742264,0.12444275792508,8
E10,ITV,Solidago virgaurea,SOLVIR,2021,3,3,0.1183,0.0306,6.88,3,2.2933333333333334,224.83660130718954,0.2586644125105663,0.38769747656302,3
E10,ITV,Vaccinium myrtillus,VACMYR,2021,4,8,0.0388,0.0176,3.039,8,0.379875,172.67045454545453,0.4536082474226804,0.0641770708942955,8
E10,ITV,Vaccinium vitis-idaea,VACVIT,2021,4,8,0.104,0.0475,3.055,8,0.381875,64.31578947368422,0.4567307692307693,0.0735943272270357,8
E4,ITV,Solidago virgaurea,SOLVIR,2021,4,4,0.1556,0.0348,10.259,4,2.56475,294.7988505747127,0.2236503856041131,1.01625042025412,4
E4,ITV,Vaccinium myrtillus,VACMYR,2021,4,8,0.0766,0.0324,5.729,8,0.716125,176.820987654321,0.422976501305483,0.337044904808162,8
E4,ITV,Vaccinium vitis-idaea,VACVIT,2021,4,8,0.0897,0.0425,2.891,8,0.361375,68.0235294117647,0.4738015607580825,0.121804219373316,8
E4,ITV,Vaccinium uliginosum,VACULI,2021,4,8,0.1209,0.0508,6.837,8,0.854625,134.58661417322836,0.42018196856906537,0.122033879956112,8
E4,ITV,Betula nana,BETNAN,2021,4,8,0.1309,0.0568,6.127,8,0.765875,107.86971830985914,0.4339190221543163,0.0508623843607154,8
E2,ITV,Solidago virgaurea,SOLVIR,2021,4,4,0.2072,0.0535,12.331,4,3.08275,230.4859813084112,0.2582046332046332,2.27789835520961,4
E2,ITV,Betula nana,BETNAN,2021,3,6,0.145,0.0607,6.221,6,1.0368333333333333,102.48764415156508,0.4186206896551724,0.381614159415851,6
E2,ITV,Vaccinium myrtillus,VACMYR,2021,4,8,0.0691,0.0301,4.916,8,0.6145,163.32225913621264,0.4356005788712012,0.0593079132277352,8
E2,ITV,Vaccinium vitis-idaea,VACVIT,2021,4,8,0.0936,0.0426,2.91,8,0.36375,68.30985915492958,0.4551282051282051,0.11112637593556,8
F24,ITV,Betula nana,BETNAN,2021,4,8,0.183,0.0771,7.901,8,0.987625,102.47730220492866,0.4213114754098361,0.124626226888931,8
F24,ITV,Vaccinium myrtillus,VACMYR,2021,4,8,0.1303,0.0537,9.988,8,1.2485,185.99627560521415,0.4121258633921719,0.368347274030519,8
F24,ITV,Vaccinium vitis-idaea,VACVIT,2021,4,8,0.2491,0.1263,7.971,8,0.996375,63.11163895486936,0.5070252910477719,0.427573531687826,8
F24,ITV,Vaccinium uliginosum,VACULI,2021,4,8,0.1108,0.0436,5.554,8,0.69425,127.38532110091744,0.39350180505415167,0.144510750959426,8
F21,ITV,Solidago virgaurea,SOLVIR,2021,4,4,0.3784,0.0846,26.709,4,6.67725,315.709219858156,0.22357293868921774,2.65025110445532,4
F21,ITV,Vaccinium vitis-idaea,VACVIT,2021,4,8,0.2698,0.13,8.034,8,1.00425,61.800000000000004,0.4818383988139363,0.255428351709717,8
F21,ITV,Vaccinium myrtillus,VACMYR,2021,4,8,0.0944,0.0383,7.62,8,0.9525,198.95561357702348,0.4057203389830509,0.250485813684414,8
F21,ITV,Betula nana,BETNAN,2021,4,8,0.109,0.0489,6.358,8,0.79475,130.0204498977505,0.44862385321100917,0.140938436408039,8
F22,ITV,Solidago virgaurea,SOLVIR,2021,4,4,0.1586,0.0371,8.867,4,2.21675,239.00269541778977,0.23392181588902902,0.696006884544495,4
F22,ITV,Vaccinium myrtillus,VACMYR,2021,4,8,0.0634,0.0249,4.219,8,0.527375,169.4377510040161,0.39274447949526814,0.162322375449069,8
F22,ITV,Betula nana,BETNAN,2021,4,4,0.0635,0.0241,2.935,4,0.73375,121.78423236514523,0.3795275590551181,0.110759123025299,4
F22,ITV,Vaccinium vitis-idaea,VACVIT,2021,4,8,0.1182,0.0605,3.666,8,0.45825,60.59504132231405,0.511844331641286,0.229427704143531,8
F23,ITV,Solidago virgaurea,SOLVIR,2021,4,4,0.2044,0.0497,11.657,4,2.91425,234.54728370221326,0.24315068493150685,2.62052111547812,4
F23,ITV,Bistorta vivipara,BISVIV,2021,4,4,0.3586,0.0757,13.133,4,3.28325,173.48745046235138,0.2110987172336866,0.407677466469103,4
F23,ITV,Vaccinium myrtillus,VACMYR,2021,4,8,0.0385,0.0158,2.73,8,0.34125,172.78481012658227,0.4103896103896104,0.076355839892665,8
F23,ITV,Betula nana,BETNAN,2021,3,6,0.0761,0.0284,4.266,6,0.711,150.2112676056338,0.3731931668856768,0.147875623413732,6
F25,ITV,Vaccinium uliginosum,VACULI,2021,4,8,0.1723,0.0691,8.821,8,1.102625,127.65557163531115,0.4010446894950667,0.348550442137556,8
F25,ITV,Vaccinium vitis-idaea,VACVIT,2021,4,8,0.1308,0.0599,3.624,8,0.453,60.5008347245409,0.45795107033639143,0.173236419793464,8
F25,ITV,Betula nana,BETNAN,2021,2,4,0.0564,0.0251,2.66,4,0.665,105.97609561752988,0.4450354609929078,0.0818087199916162,4
F25,ITV,Vaccinium myrtillus,VACMYR,2021,4,8,0.0454,0.0197,3.251,8,0.406375,165.0253807106599,0.4339207048458149,0.134314064256662,8
F16,ITV,Bistorta vivipara,BISVIV,2021,4,4,0.4294,0.0906,17.648,4,4.412,194.79028697571744,0.21099208197484862,1.62797399651632,4
F16,ITV,Solidago virgaurea,SOLVIR,2021,4,4,0.1523,0.0377,9.378,4,2.3445,248.7533156498674,0.247537754432042,0.642449738630709,4
F16,ITV,Betula nana,BETNAN,2021,2,4,0.0974,0.0384,4.804,4,1.201,125.10416666666669,0.39425051334702255,0.159751890964291,4
F19,ITV,Solidago virgaurea,SOLVIR,2021,4,4,0.0906,0.0227,5.926,4,1.4815,261.057268722467,0.25055187637969095,0.464461336747563,4
F19,ITV,Vaccinium myrtillus,VACMYR,2021,4,8,0.0641,0.0267,4.549,8,0.568625,170.374531835206,0.4165366614664587,0.184835786191806,8
F19,ITV,Betula nana,BETNAN,2021,4,4,0.0388,0.0163,2.033,4,0.50825,124.7239263803681,0.4201030927835051,0.0320143197126953,4
F19,ITV,Vaccinium vitis-idaea,VACVIT,2021,4,8,0.1516,0.0698,4.323,8,0.540375,61.93409742120345,0.46042216358839044,0.127393583040905,8
F17,ITV,Bistorta vivipara,BISVIV,2021,4,4,0.2016,0.0459,8.071,4,2.01775,175.838779956427,0.22767857142857145,0.576005425321672,4
F15,ITV,Vaccinium myrtillus,VACMYR,2021,4,8,0.0737,0.0301,4.93,8,0.61625,163.78737541528238,0.4084124830393487,0.127964001634388,8
F15,ITV,Betula nana,BETNAN,2021,4,8,0.1343,0.0592,7.189,8,0.898625,121.4358108108108,0.4408041697691735,0.118390319946957,8
F15,ITV,Vaccinium vitis-idaea,VACVIT,2021,4,7,0.2143,0.1042,5.147,7,0.7352857142857143,49.395393474088294,0.48623425104993,0.243854269517482,7
F6,ITV,Vaccinium uliginosum,VACULI,2021,4,8,0.0784,0.033,4.546,8,0.56825,137.75757575757575,0.4209183673469388,0.0887271097241424,8
F6,ITV,Vaccinium vitis-idaea,VACVIT,2021,4,8,0.0953,0.0437,NA,NA,NA,NA,0.4585519412381952,NA,NA
F6,ITV,Vaccinium myrtillus,VACMYR,2021,4,8,0.0618,0.0271,4.23,8,0.52875,156.08856088560887,0.4385113268608414,0.10966930811698,8
F6,ITV,Betula nana,BETNAN,2021,3,6,0.1126,0.0473,5.896,6,0.9826666666666667,124.65116279069767,0.4200710479573712,0.178164717794143,6
F18,ITV,Bistorta vivipara,BISVIV,2021,4,4,0.3792,0.0777,15.121,4,3.78025,194.6074646074646,0.20490506329113928,0.987053316695709,4
F18,ITV,Solidago virgaurea,SOLVIR,2021,4,4,0.1721,0.0415,11.546,4,2.8865,278.2168674698795,0.2411388727484021,0.800179354894889,4
F18,ITV,Vaccinium uliginosum,VACULI,2021,4,8,0.1332,0.0494,7.696,8,0.962,155.78947368421052,0.37087087087087084,0.201236179649684,8
F18,ITV,Vaccinium myrtillus,VACMYR,2021,4,8,0.0731,0.03,5.424,8,0.678,180.8,0.4103967168262654,0.192940405306924,8
F18,ITV,Betula nana,BETNAN,2021,4,4,0.1061,0.0395,5.871,4,1.46775,148.63291139240508,0.37229029217719134,0.145882087088626,4
F11,ITV,Bistorta vivipara,BISVIV,2021,4,4,0.2507,0.0535,9.323,4,2.33075,174.26168224299067,0.21340247307538893,0.687497090902936,4
F14,ITV,Solidago virgaurea,SOLVIR,2021,4,4,0.256,0.0592,15.185,4,3.79625,256.5033783783784,0.23125,1.09428100443472,4
F14,ITV,Bistorta vivipara,BISVIV,2021,4,4,0.2001,0.0379,7.465,4,1.86625,196.96569920844325,0.18940529735132436,0.41212164466332,4
F14,ITV,Vaccinium myrtillus,VACMYR,2021,4,8,0.0927,0.0374,5.656,8,0.707,151.22994652406416,0.4034519956850054,0.255696248366243,8
F14,ITV,Betula nana,BETNAN,2021,3,6,0.0649,0.0232,3.719,6,0.6198333333333333,160.30172413793105,0.3574730354391371,0.132407577829468,6
F14,ITV,Vaccinium vitis-idaea,VACVIT,2021,4,8,0.1555,0.0649,4.133,8,0.516625,63.68258859784284,0.4173633440514469,0.154314092958855,8
F20,ITV,Betula nana,BETNAN,2021,4,8,0.1311,0.0588,6.023,8,0.752875,102.43197278911565,0.448512585812357,0.140279758747603,8
F20,ITV,Vaccinium myrtillus,VACMYR,2021,4,8,0.0506,0.0208,3.532,8,0.4415,169.80769230769232,0.41106719367588934,0.117205558132466,8
F20,ITV,Vaccinium vitis-idaea,VACVIT,2021,4,8,0.2287,0.1122,6.75,8,0.84375,60.160427807486634,0.4905990380411019,0.311894556357937,8
F13,ITV,Bistorta vivipara,BISVIV,2021,4,4,0.3883,0.0865,15.139,4,3.78475,175.01734104046244,0.2227659026525882,2.2230373178754,4
F13,ITV,Solidago virgaurea,SOLVIR,2021,4,4,0.3011,0.0688,17.245,4,4.31125,250.65406976744188,0.22849551643972105,1.56525937680203,4
F13,ITV,Betula nana,BETNAN,2021,4,8,0.1676,0.0656,8.505,8,1.063125,129.64939024390245,0.3914081145584726,0.18481684949469,8
F13,ITV,Vaccinium myrtillus,VACMYR,2021,4,8,0.0532,0.0219,3.869,8,0.483625,176.66666666666669,0.4116541353383459,0.164179290063376,8
F5,ITV,Solidago virgaurea,SOLVIR,2021,3,3,0.0602,0.0167,3.631,3,1.2103333333333333,217.4251497005988,0.27740863787375414,0.192956817276129,3
F5,ITV,Vaccinium myrtillus,VACMYR,2021,4,8,0.0609,0.0278,4.087,8,0.510875,147.01438848920864,0.4564860426929392,0.0748435272513834,8
F3,ITV,Vaccinium vitis-idaea,VACVIT,2021,4,8,0.1789,0.0797,6.123,8,0.765375,76.82559598494355,0.44550027948574616,0.332130756307985,8
F3,ITV,Solidago virgaurea,SOLVIR,2021,2,2,0.1459,0.0402,9.819,2,4.9095,244.25373134328362,0.27553118574366003,0.690843325219257,2
F3,ITV,Vaccinium myrtillus,VACMYR,2021,4,8,0.0697,0.031,5.076,8,0.6345,163.74193548387095,0.4447632711621234,0.213583707243788,8
F3,ITV,Betula nana,BETNAN,2021,3,6,0.1264,0.0573,6.508,6,1.0846666666666667,113.57766143106458,0.4533227848101265,0.043237329550594,6
F4,ITV,Vaccinium vitis-idaea,VACVIT,2021,4,8,0.1414,0.0679,4.474,8,0.55925,65.89101620029456,0.48019801980198024,0.177331610267318,8
F4,ITV,Vaccinium myrtillus,VACMYR,2021,4,8,0.0437,0.0194,2.952,8,0.369,152.16494845360825,0.44393592677345534,0.109079263447668,8
F2,ITV,Betula nana,BETNAN,2021,4,8,0.087,0.0375,4.553,8,0.569125,121.41333333333334,0.4310344827586207,0.11138278592314001,8
F2,ITV,Vaccinium myrtillus,VACMYR,2021,4,8,0.0694,0.0311,4.695,8,0.586875,150.9646302250804,0.44812680115273773,0.265403971065135,8
F2,ITV,Vaccinium vitis-idaea,VACVIT,2021,4,8,0.1284,0.0557,4.407,8,0.550875,79.12028725314184,0.4338006230529595,0.235597379017679,8
F1,ITV,Vaccinium myrtillus,VACMYR,2021,4,8,0.0606,0.0262,4.554,8,0.56925,173.81679389312978,0.43234323432343236,0.14537021703223801,8
F1,ITV,Vaccinium vitis-idaea,VACVIT,2021,4,8,0.138,0.0694,4.256,8,0.532,61.325648414985594,0.5028985507246376,0.272719636256724,8
F10,ITV,Solidago virgaurea,SOLVIR,2021,4,5,0.2603,0.0713,15.152,5,3.0303999999999998,212.51051893408132,0.27391471379177873,0.967610097094899,5
F10,ITV,Vaccinium vitis-idaea,VACVIT,2021,4,8,0.1957,0.0952,4.892,8,0.6115,51.38655462184874,0.4864588656106285,0.174359235078452,8
F10,ITV,Betula nana,BETNAN,2021,1,4,0.0756,0.0309,3.97,4,0.9925,128.4789644012945,0.4087301587301587,0.129955120458308,4
F10,ITV,Vaccinium myrtillus,VACMYR,2021,4,8,0.0632,0.0273,4.278,8,0.53475,156.70329670329667,0.43196202531645567,0.156540957671056,8
F9,ITV,Solidago virgaurea,SOLVIR,2021,4,4,0.2078,0.0487,12.448,4,3.112,255.605749486653,0.23435996150144367,1.07255489370008,4
F9,ITV,Vaccinium vitis-idaea,VACVIT,2021,4,8,0.2176,0.1085,6.246,8,0.78075,57.5668202764977,0.4986213235294118,0.166963426277391,8
F9,ITV,Vaccinium myrtillus,VACMYR,2021,4,8,0.06,0.0255,4.162,8,0.52025,163.2156862745098,0.425,0.136889684469962,8
F7,ITV,Betula nana,BETNAN,2021,4,8,0.1726,0.0655,8.617,8,1.077125,131.55725190839695,0.37949015063731173,0.166756826803925,8
F7,ITV,Vaccinium myrtillus,VACMYR,2021,4,8,0.098,0.0412,6.819,8,0.852375,165.5097087378641,0.4204081632653061,0.380864031793875,8
F7,ITV,Vaccinium vitis-idaea,VACVIT,2021,4,8,0.2011,0.1038,5.846,8,0.73075,56.31984585741811,0.5161611138736947,0.252420142958973,8
F12,ITV,Bistorta vivipara,BISVIV,2021,4,4,0.2165,0.0513,8.541,4,2.13525,166.49122807017545,0.2369515011547344,1.2195560326064,4
F12,ITV,Solidago virgaurea,SOLVIR,2021,4,4,0.2219,0.0507,14.714,4,3.6785,290.21696252465483,0.2284812978819288,0.973270945489144,4
F12,ITV,Vaccinium myrtillus,VACMYR,2021,4,8,0.0699,0.0298,5.004,8,0.6255,167.91946308724832,0.4263233190271817,0.0758061437389571,8
F8,ITV,Solidago virgaurea,SOLVIR,2021,3,3,0.1277,0.0281,8.283,3,2.7609999999999997,294.7686832740213,0.2200469851213782,0.521463325651958,3
F8,ITV,Betula nana,BETNAN,2021,1,4,0.113,0.0454,5.255,4,1.31375,115.7488986784141,0.4017699115044248,0.0673962165110179,4
F8,ITV,Vaccinium uliginosum,VACULI,2021,4,8,0.1006,0.0398,5.464,8,0.683,137.28643216080403,0.39562624254473167,0.167616910159532,8
F8,ITV,Vaccinium myrtillus,VACMYR,2021,4,8,0.0814,0.0344,5.523,8,0.690375,160.55232558139534,0.4226044226044226,0.293123054364545,8
F8,ITV,Vaccinium vitis-idaea,VACVIT,2021,4,8,0.2897,0.1586,7.799,8,0.974875,49.174022698612866,0.5474628926475664,0.42956504164096,8
